month,start,treated,contiguous
-72,2018-10-15,32,42
-71,2018-11-15,31,34
-70,2018-12-15,28,16
-69,2019-01-15,31,31
-68,2019-02-15,19,28
-67,2019-03-15,28,27
-66,2019-04-15,23,20
-65,2019-05-15,21,25
-64,2019-06-15,28,22
-63,2019-07-15,34,23
-62,2019-08-15,25,27
-61,2019-09-15,33,25
-60,2019-10-15,29,32
-59,2019-11-15,24,28
-58,2019-12-15,36,28
-57,2020-01-15,25,24
-56,2020-02-15,27,36
-55,2020-03-15,18,30
-54,2020-04-15,16,31
-53,2020-05-15,27,32
-52,2020-06-15,30,26
-51,2020-07-15,32,23
-50,2020-08-15,33,28
-49,2020-09-15,21,27
-48,2020-10-15,24,30
-47,2020-11-15,22,35
-46,2020-12-15,22,24
-45,2021-01-15,27,30
-44,2021-02-15,26,36
-43,2021-03-15,25,20
-42,2021-04-15,41,31
-41,2021-05-15,52,24
-40,2021-06-15,66,26
-39,2021-07-15,41,47
-38,2021-08-15,60,48
-37,2021-09-15,53,62
-36,2021-10-15,48,60
-35,2021-11-15,91,90
-34,2021-12-15,64,57
-33,2022-01-15,65,65
-32,2022-02-15,45,66
-31,2022-03-15,73,76
-30,2022-04-15,86,65
-29,2022-05-15,101,68
-28,2022-06-15,80,69
-27,2022-07-15,101,80
-26,2022-08-15,78,86
-25,2022-09-15,80,76
-24,2022-10-15,85,87
-23,2022-11-15,79,87
-22,2022-12-15,76,50
-21,2023-01-15,70,88
-20,2023-02-15,79,63
-19,2023-03-15,79,83
-18,2023-04-15,73,76
-17,2023-05-15,103,93
-16,2023-06-15,70,73
-15,2023-07-15,64,49
-14,2023-08-15,62,84
-13,2023-09-15,69,67
-12,2023-10-15,76,66
-11,2023-11-15,61,70
-10,2023-12-15,63,66
-9,2024-01-15,63,62
-8,2024-02-15,56,70
-7,2024-03-15,57,59
-6,2024-04-15,68,66
-5,2024-05-15,52,72
-4,2024-06-15,95,67
-3,2024-07-15,76,77
-2,2024-08-15,82,96
-1,2024-09-15,75,69
0,2024-10-15,54,69
1,2024-11-15,39,80
2,2024-12-15,48,61
3,2025-01-15,37,75
4,2025-02-15,51,64
5,2025-03-15,42,52
6,2025-04-15,40,74
7,2025-05-15,81,57
8,2025-06-15,68,46
9,2025-07-15,52,39
10,2025-08-15,59,51
11,2025-09-15,34,46
12,2025-10-15,70,54
13,2025-11-15,49,39
14,2025-12-15,62,44
15,2026-01-15,77,43
16,2026-02-15,52,49
17,2026-03-15,38,49
18,2026-04-15,66,40
19,2026-05-15,54,52
