unit,post,pre,top_premise,GEOID20,share_pre
2874,126,497,CHAIN STORE,360810693001001,0.28579643473260496
4817,542,422,CHAIN STORE,360810713063000,0.24266820011500861
8369,30,314,DEPARTMENT STORE,360810683003001,0.18056354226566992
3200,84,110,RESIDENCE - APT. HOUSE,360810455005000,0.06325474410580793
9457,64,109,CHAIN STORE,360810693001002,0.06267970097757332
7668,24,30,RESIDENCE - APT. HOUSE,360810697011000,0.017251293847038527
10875,20,25,RESIDENCE - APT. HOUSE,360810745002002,0.01437607820586544
12406,17,22,RESIDENCE - APT. HOUSE,360810719001003,0.012650948821161587
2200,16,20,RESIDENCE - APT. HOUSE,360810721002001,0.011500862564692352
7331,7,18,CHAIN STORE,360810437021002,0.010350776308223116
7055,21,18,CHAIN STORE,360810693001000,0.010350776308223116
5650,0,16,RESIDENCE - APT. HOUSE,360810721004001,0.009200690051753882
5972,2,13,STREET,360810717012003,0.007475560667050029
8276,8,13,RESIDENCE - APT. HOUSE,360810713041000,0.007475560667050029
240,10,12,RESIDENCE - APT. HOUSE,360810713044001,0.006900517538815411
12477,6,12,RESIDENCE - APT. HOUSE,360810721005001,0.006900517538815411
7895,11,12,RESIDENCE - APT. HOUSE,360810697011001,0.006900517538815411
341,9,11,GYM/FITNESS FACILITY,360810713064000,0.0063254744105807935
5152,5,10,STREET,360810719002004,0.005750431282346176
2735,8,9,RESIDENCE - APT. HOUSE,360810719001005,0.005175388154111558
10811,10,8,STREET,360810721003001,0.004600345025876941
10309,0,8,STREET,360810719002002,0.004600345025876941
12080,3,7,RESIDENCE - APT. HOUSE,360810721001001,0.0040253018976423235
4427,4,6,RESIDENCE - APT. HOUSE,360810713043000,0.0034502587694077054
10770,0,5,STREET,360810455004000,0.002875215641173088
6795,0,3,RESIDENCE - APT. HOUSE,360810713043001,0.0017251293847038527
2580,7,2,STREET,360810719001002,0.0011500862564692352
6460,0,2,RESIDENCE - APT. HOUSE,360810713043002,0.0011500862564692352
784,4,1,STREET,360810713064001,0.0005750431282346176
3320,2,1,STREET,360810437021000,0.0005750431282346176
8544,7,1,STREET,360810693001003,0.0005750431282346176
11401,8,1,STREET,360810713041001,0.0005750431282346176
13711,13,1,STREET,360810719002003,0.0005750431282346176
9961,5,0,,360810713044000,0.0
9297,9,0,,360810719001004,0.0
