cap,rank,n_units,viol,dist_mi,est,se,n_capped
0.1,1,212,0.9976820102817426,4.157040546252468,-220.0,71.69379331573968,44
0.1,2,178,0.9976820102817426,4.480849908532044,235.0,68.76772498781678,44
0.1,3,161,1.0051118387431586,1.3238976936060785,-59.0,70.54785609782908,44
0.1,4,161,1.0108527298894223,1.6386305875527059,-353.0,73.19152956456095,44
0.05,1,245,0.9976820102817426,0.2576960081493034,-286.0,72.62231062146122,90
0.05,2,256,0.9581698514587034,1.9822732487965071,-166.0,71.49825172687791,90
0.05,3,164,0.9998620707061976,3.097454029747079,-1422.0,79.89993742175271,90
0.05,4,246,1.0404868490067019,0.5183188516421213,-629.0,75.1997340420829,90
0.05,5,221,1.099755087241261,1.4032072306694872,-310.0,72.69112738154499,90
