period,treated,contiguous,scan,best fit,ring,city,microsynth
-84,41,26.0,34.0,26.0,55.188995215311,16.827096489799047,41.000000014201255
-83,22,21.0,22.0,23.0,35.71052631578947,15.266623863233447,22.00000001965048
-82,23,18.0,12.0,23.0,74.66746411483253,16.033856237961533,23.00000001506235
-81,10,13.0,15.0,19.0,68.17464114832535,16.326444855442585,10.000000004958016
-80,15,27.0,24.0,14.0,22.72488038277512,17.30824221632344,15.000000006833096
-79,23,27.0,28.0,23.0,9.739234449760765,17.48379538681207,23.000000008179345
-78,13,28.0,30.0,13.0,16.232057416267942,18.51110653263442,13.000000002377364
-77,23,25.0,23.0,23.0,22.72488038277512,17.48379538681207,23.00000000833995
-76,8,22.0,26.0,15.0,3.2464114832535884,17.080673291615955,8.000000003489372
-75,17,19.0,20.0,16.0,9.739234449760765,17.19120676933102,17.000000015354534
-74,21,14.0,15.0,21.0,19.47846889952153,16.46948817954443,21.000000011192355
-73,11,7.0,16.0,11.0,35.71052631578947,19.18080936820216,11.000000005643797
-72,18,13.0,11.0,18.0,51.942583732057415,17.880415512730828,18.00000000462952
-71,13,11.0,15.0,13.0,9.739234449760765,15.890812913859687,13.000000011628531
-70,13,12.0,16.0,16.0,3.2464114832535884,15.162592354795741,13.000000009144978
-69,12,17.0,18.0,12.0,35.71052631578947,14.935023430088258,12.000000012953297
-68,4,12.0,13.0,11.0,16.232057416267942,15.344647494561727,4.0000000045057025
-67,18,15.0,12.0,17.0,3.2464114832535884,16.541009841595354,18.0000000059509
-66,13,23.0,14.0,13.0,3.2464114832535884,16.846602397631116,13.000000002100249
-65,12,14.0,17.0,19.0,6.492822966507177,16.963637844623538,12.00000000783212
-64,17,20.0,18.0,16.0,19.47846889952153,17.652846588023344,17.00000000454399
-63,12,20.0,20.0,12.0,16.232057416267942,18.628141979626843,12.000000010318697
-62,18,15.0,13.0,19.0,22.72488038277512,17.438281601870575,18.000000005943225
-61,13,9.0,14.0,14.0,6.492822966507177,17.275732369936655,13.00000000394828
-60,11,12.0,12.0,11.0,0.0,16.35245273255201,11.000000003583638
-59,12,13.0,11.0,12.0,16.232057416267942,13.563107912566002,12.000000012672361
-58,16,19.0,17.0,16.0,9.739234449760765,14.90901555297883,16.000000007204832
-57,20,14.0,15.0,15.0,3.2464114832535884,15.734765651203126,20.000000008115638
-56,23,16.0,20.0,20.0,12.985645933014354,16.768578766302838,23.000000018707606
-55,20,19.0,19.0,20.0,12.985645933014354,15.682749896984275,20.00000000638862
-54,27,24.0,27.0,27.0,12.985645933014354,17.334250093432868,27.0000000113841
-53,16,19.0,13.0,18.0,19.47846889952153,17.548815079585637,16.000000011870192
-52,26,12.0,14.0,25.0,16.232057416267942,16.91812405968204,26.00000000896091
-51,16,21.0,17.0,15.0,12.985645933014354,17.457787509702644,16.000000007641884
-50,21,13.0,12.0,21.0,22.72488038277512,16.339448793997295,21.00000000985509
-49,18,13.0,16.0,16.0,12.985645933014354,17.36675993981965,18.000000010077912
-48,25,17.0,13.0,16.0,6.492822966507177,17.119685107280098,25.000000011021744
-47,18,14.0,4.0,18.0,16.232057416267942,14.388858010790297,18.000000006208694
-46,21,13.0,20.0,22.0,12.985645933014354,16.62553544220099,21.000000007327703
-45,22,18.0,15.0,21.0,16.232057416267942,16.794586643412263,22.000000006005983
-44,12,19.0,21.0,14.0,6.492822966507177,18.296541546481652,12.00000000598766
-43,12,16.0,25.0,11.0,19.47846889952153,16.521503933763285,12.000000006134977
-42,23,19.0,18.0,23.0,6.492822966507177,17.847905666344044,23.00000000950461
-41,25,13.0,16.0,25.0,9.739234449760765,17.46428947898,25.000000008882225
-40,10,12.0,15.0,10.0,16.232057416267942,16.462986210267072,10.000000008942637
-39,17,10.0,10.0,19.0,6.492822966507177,16.677551196419845,17.00000000714788
-38,21,10.0,17.0,15.0,25.971291866028707,14.85049782948262,21.00000001579278
-37,20,16.0,14.0,14.0,19.47846889952153,15.877808975304974,20.000000005703946
-36,7,15.0,10.0,13.0,9.739234449760765,16.00784836085211,7.000000007023443
-35,11,5.0,14.0,11.0,16.232057416267942,14.935023430088258,11.000000006105617
-34,14,15.0,19.0,15.0,6.492822966507177,16.222413347004878,14.000000005820603
-33,11,15.0,13.0,11.0,6.492822966507177,17.09367723017067,11.000000008366676
-32,11,17.0,12.0,11.0,16.232057416267942,17.197708738608377,11.000000004702624
-31,16,18.0,20.0,16.0,22.72488038277512,17.71786628079691,16.000000006161482
-30,17,18.0,24.0,17.0,19.47846889952153,19.694464941113335,17.000000007578407
-29,17,16.0,16.0,17.0,22.72488038277512,17.769882035015762,17.000000003305253
-28,19,21.0,16.0,19.0,16.232057416267942,18.173004130211876,19.000000005628088
-27,11,17.0,15.0,11.0,3.2464114832535884,18.758181365173975,11.000000004048944
-26,20,19.0,16.0,19.0,12.985645933014354,18.192510038043945,20.000000008313844
-25,21,15.0,14.0,20.0,16.232057416267942,17.568320987417707,21.000000002833712
-24,21,19.0,16.0,20.0,22.72488038277512,16.580021657259493,21.000000009804836
-23,13,18.0,25.0,14.0,22.72488038277512,14.687948597548704,13.000000007705385
-22,19,11.0,11.0,17.0,9.739234449760765,16.105377900012456,19.000000006989925
-21,16,11.0,15.0,16.0,3.2464114832535884,15.071564784912747,16.00000000486285
-20,28,11.0,13.0,23.0,22.72488038277512,15.929824729523828,28.00000000615437
-19,17,23.0,16.0,18.0,12.985645933014354,15.994844422297394,17.00000000942784
-18,22,25.0,24.0,21.0,6.492822966507177,15.47468688010886,22.000000007232728
-17,13,10.0,16.0,13.0,19.47846889952153,14.375854072235585,13.000000002718663
-16,11,12.0,10.0,11.0,3.2464114832535884,13.615123666784855,11.000000007362148
-15,13,12.0,17.0,13.0,12.985645933014354,15.227612047569307,13.000000003877354
-14,16,7.0,5.0,16.0,6.492822966507177,14.232810748133737,16.000000004181693
-13,11,11.0,18.0,10.0,22.72488038277512,15.338145525284371,11.000000010460122
-12,12,10.0,13.0,13.0,12.985645933014354,13.842692591492337,12.000000004502317
-11,12,8.0,9.0,12.0,12.985645933014354,13.459076404128295,12.000000006562356
-10,13,15.0,14.0,13.0,12.985645933014354,13.290025202917022,13.000000007046054
-9,13,7.0,10.0,9.0,9.739234449760765,13.34854292641323,13.000000005107143
-8,16,16.0,17.0,16.0,6.492822966507177,14.26532059452052,16.000000004628195
-7,11,14.0,12.0,16.0,9.739234449760765,14.369352102958228,11.000000004135073
-6,17,7.0,6.0,17.0,9.739234449760765,13.842692591492337,17.000000004207024
-5,10,12.0,13.0,11.0,6.492822966507177,13.465578373405652,10.000000002695273
-4,5,11.0,7.0,13.0,19.47846889952153,13.218503540866099,5.000000010529044
-3,13,7.0,7.0,14.0,6.492822966507177,14.109273331863962,13.000000005447912
-2,12,19.0,17.0,12.0,16.232057416267942,13.335538987858518,12.000000005298485
-1,6,11.0,17.0,8.0,16.232057416267942,13.862198499324409,6.000000001980268
0,8,13.0,13.0,15.0,3.2464114832535884,12.665836152290781,9.78329479029623
1,10,9.0,8.0,10.0,9.739234449760765,12.737357814341705,10.603999821018009
2,19,15.0,13.0,8.0,3.2464114832535884,13.44607246557358,11.437144416637162
3,5,13.0,11.0,20.0,0.0,12.145678610102248,10.022122340450501
4,8,12.0,14.0,14.0,12.985645933014354,12.938918861939761,9.21041300089986
5,15,15.0,14.0,21.0,9.739234449760765,12.769867660728488,10.242526130583816
6,11,9.0,19.0,22.0,9.739234449760765,12.516290858911578,10.766576801188249
7,17,6.0,12.0,12.0,3.2464114832535884,12.698345998677565,11.850595504851611
8,25,7.0,4.0,8.0,22.72488038277512,10.734751276915853,9.698173543130732
