GEOID20,weight
480850317093006,0.00021796180404131082
480850317132003,0.0006199437966443231
480850317203002,0.00288968158908751
480850317133005,0.00018457545268745068
480850317201002,0.011596910257001424
480850317242004,0.05171993684706677
480850317044012,0.0008639646228098477
480850317161006,0.009438881775925808
480850317172001,0.007278948802713752
480850317223008,0.0001468347784993932
480850317131000,0.00018252561100270387
480850317132001,0.005140969521099281
480850317044011,0.00017174505194532516
480850317202004,0.0011148773099620148
480850317061005,0.0005969849394586508
480850317203001,0.0016281938632863049
480850317092018,0.00010433933283258786
480850317182024,0.00033811230623181264
480850317044008,0.00039835403610503824
480850317042006,0.00042274356637474127
480850317131007,0.014090464467128173
480850317171001,0.0002765396850416865
480850317042000,0.00033811230623181264
480850318121001,0.00022306760388457613
480850317211002,0.00013628238711211948
480850317221002,0.008365978868241364
481130122074006,0.008339496148186534
481130119012026,0.00020211746305558254
481130101011008,0.0007117200604297393
481130056002010,0.0003716816283251784
481130037002022,0.00010433933283258786
481130052001006,0.00011241051636921308
481130126011006,0.00013709554968886412
481130190162000,0.0019193117184135712
481130115002073,0.008110892426041847
481130072052011,0.005517217030820452
481130204012050,0.00019502727184994453
481130098021004,0.00017174505194532516
481130008022004,0.0003346806305679519
481130065011000,0.00033811230623181264
481130086041008,0.00011678987981814325
481130078292002,0.3561902162921308
481130099003028,0.025499358497680962
481130004103015,0.00010017235360054936
481130165333017,0.0012834864339985829
481130136241011,0.002358401076229436
481130100032093,0.00015614458672050965
481130100032228,0.5419674107558624
481130114011015,0.00012551367893296847
481130092021025,0.0024939203770922725
481130171021007,0.00011752419212353676
481130125011020,0.0002732583007879326
481130027032050,0.00033811230623181264
481130113002028,0.00020228086423836305
481130004012017,0.001722337530032496
481130087011003,0.0003085136507777315
481130053001000,0.0002139486039006421
481130063022031,0.0002326281548351492
481130167101009,0.0028406408691805008
481130136251008,0.0003067429060588037
481130064011032,0.00017174505194532516
481130027032029,0.00022363682783112717
481130037001027,0.000183204986022625
481130131074000,0.0038332711228348765
481130111042031,0.003321049702916154
481130009012018,0.0002732583007879326
481130037002013,0.0007540529481568413
481130064011021,0.00019110708992819145
481130061002034,0.0036089596584826227
481130110031000,0.00013725459412444128
481130101021010,0.0008694917275315498
481130087013004,0.8686767593872645
481130096071002,0.08422659068988941
481130208002001,0.0002732583007879326
481130059013024,0.00013096150797471792
481130004103048,0.0004779908544685888
481130099001075,0.00023622429533862245
481130116031006,0.000356427678046208
481130202002068,0.003597614453763693
481130071024012,0.00012551367893296847
481130056003025,0.0006509965708187731
481130125012006,0.00026583757927308647
481130042011019,0.006290282427441522
481130047002027,0.00010433933283258786
481130020021018,0.01427876772945044
481130072042009,0.00033592123959362986
481130101012017,0.00041256692485696446
481130106011011,0.006926999666741129
481130122071002,0.0002732583007879326
481130210001006,0.00017239879844496063
481130081011000,0.020568725872280674
481130078091007,0.00023533936642361816
481130107012031,0.00016032270033942603
481130015021007,0.11516057059184676
481130082003025,0.000844032166978251
481130098021008,0.00019110708992819145
481130176051005,0.00022363682783112717
481130059012009,0.0010650338038300758
481130056001018,0.00010636006007448792
481130136063026,0.001801912239501873
481130108041003,0.02198339272190731
481130111032011,0.00010433933283258786
481130078292016,0.00011678987981814325
481130091032008,0.0004263951566503055
481130122132008,0.00017174505194532516
481130008013000,0.025254578973196596
481130015042007,0.0005234370283173402
481130015031002,0.003448636999540191
481130100015008,0.00011497865111029038
481130027032058,0.00017050292378603964
481130065022040,0.0005273989007271901
481130008013007,0.00017174505194532516
481130007032002,0.0002859073580164555
481130192122000,0.00300790319993751
481130006061016,0.0004441725383087439
481130050002030,0.0002732583007879326
481130063012012,0.00185843932186867
481130100032175,0.011040193875425099
481130064021000,0.00012816468236228622
481130087032012,0.0006092624876673802
481130123012001,0.1275955802950321
481130057003003,0.44560650998636864
481130136102022,0.00033811230623181264
481130042011001,0.40734629889732493
481130072051003,0.08803368743069998
481130132023001,0.0006964396531832655
481130122132009,0.00017174505194532516
481130009012025,0.0001968922832271769
481130012022022,0.0002070613268471788
481130171021033,0.00012803403024403169
481130088022007,0.0014061536404823488
481130211002058,0.028243034608850543
481130056001024,0.00012803403024403169
481130208003059,0.00030518843516396353
481130136082008,0.00015496148170973258
481130132011011,0.00019110708992819145
481130008012000,0.5059076477798652
481130054002003,0.0003285889029975647
481130128011010,0.0013410921931837094
481130087051012,0.0010661154240231327
481130059022000,0.452320166592379
481130060023004,0.0006262354864656238
481130100032225,0.00033811230623181264
481130165333004,0.00012551367893296847
481130119012009,0.0018351148729243948
481130101011007,0.0010464992093227796
481130114013001,0.00010756484614767988
481130170102001,0.00033269779391014966
481130100012034,0.002644274982526468
481130043001024,0.06379175256995312
481130093041020,0.00011301019111035456
481130025004021,0.0001741515996467669
481130056001027,0.00182150652556292
481130002011015,0.0023935305043291167
481130122062009,0.00012551367893296847
481130071022017,0.00038873470621577863
481130210003010,0.0001664464378345962
481130084021003,0.00012551367893296847
481130084022013,0.18060616696610632
481130212001012,0.0001199170900623162
481130100021043,0.000275294120601404
481130176052009,0.0012912088484395166
481130091013012,0.0005579284312148005
481130061001023,0.00015114434955068373
481130107041011,0.030611282212296774
481130092041025,0.0001741515996467669
481130054002038,0.00012292880619148416
481130053004040,0.0003716816283251784
481130163012006,0.0009421594826866815
481130096052002,0.0017643058294207071
481130088021008,0.0008037072597866064
481130210001010,0.00017108375029817885
481130078121013,0.0001741515996467669
481130132011003,0.00020211746305558254
481130192084001,0.04441177038081662
481130072031008,0.21718922104525287
481130079152000,0.0003431203064434256
481130205001004,0.0008387162295892906
481130088012002,0.03401687073798885
481130116011026,0.0075661654239167
481130210002012,0.0009857571522193594
481130093041003,0.00043380552063102256
481130052002040,0.00018311570070132145
481130084022040,0.0002732583007879326
481130100032103,0.0002732583007879326
481130047002001,0.000694023888406046
481130136285033,0.00012303547558344133
481130192132000,0.0013389359300129905
481130112021013,0.00025267290272864266
481130205003010,0.0006086638560949808
481130132022001,0.00017820110124104963
481130128022001,0.20918289168508541
481130079103000,0.0004976556508725714
481130112011006,0.00017174505194532516
481130192081004,0.0004676678948310322
481130212002014,0.0008001402868015491
481130087013017,0.0003288007328618754
481130099001102,0.0031676030154578687
481130014002010,0.0016771522733652303
481130091011009,0.001011749826968559
481130078103010,0.003917172591645031
481130067021009,0.18522648822640086
481130043001022,0.010692596283133115
481130203003040,0.0015770744508383499
481130176052002,0.00015277269575911573
481130016011001,0.0005106928310646251
481130125021016,0.00035429564455669173
481130060012011,0.0011985774509485228
481130119012018,0.0007161754601016943
481130114013017,0.0025510335352949927
481130110022028,0.00012551367893296847
481130062001032,0.0004749385717692542
481130025003024,0.0006522483006142725
481130096043006,0.00019345712552155887
481130084021015,0.0002871639703542449
481130099001005,0.04461421000994945
481130113001017,0.34193647983925146
481130071022008,0.0001239164654401157
481130208003012,0.00017174505194532516
481130024002030,0.00017174505194532516
481130096102005,0.0003336330638680261
481130093042000,0.0009482887732937902
481130112012008,0.00025125009536065585
481130096051025,0.008291066538095988
481130042013011,0.00012803403024403169
481130045001011,0.0003829264007389788
481130121021013,0.34527807855379966
481130122061017,0.00012551367893296847
481130108082001,0.0007365218039892046
481130006072011,0.00022363682783112717
481130085001000,0.0003078711486088763
481130057002037,0.00017174505194532516
481130024002010,0.0009585931925897781
481130064021007,0.0007577467281102062
481130087041005,0.005319282253834039
481130211002027,0.0002732583007879326
481130006111001,0.00039790608689676627
481130078292001,0.00016293006359356503
481130072062004,0.3960788843578904
481130046001009,0.00022279737576803038
481130100032197,0.0006927734997437932
481130053002025,0.0009169979989504856
481130117013027,0.00022363682783112717
481130111032020,0.0021943931864473153
481130100031037,0.009692450985626265
481130086042009,0.00018408832649847504
481130059012018,0.000367592270140762
481130097022002,0.0014473865582134689
481130110033001,0.00022363682783112717
481130078282001,0.2861921699751866
481130084021018,0.0001741515996467669
481130100032153,0.39923384807351386
481130020012015,0.00010433933283258786
481130205002001,0.0004490536294224778
481130212001000,0.0009819655376281204
481130176051011,0.0016452817840153136
481130078291009,0.00010636006007448792
481130110032001,0.00013952997452769254
481130119022004,0.00012803403024403169
481130117023035,0.00012551367893296847
481130060023016,0.0021716259257018866
481130190192001,0.002394227275007909
481130167091051,0.000640929766961832
481130110042006,0.036232828287462056
481130054002015,0.00017174505194532516
481130060021003,0.00018927997343776262
481130043001051,0.00012803403024403169
481130091041011,0.00019110708992819145
481130091032006,0.00038950349411046107
481130015032009,0.0057446620029485305
481130099003092,0.18026324092819607
481130008022001,0.000524655988416166
481130096072012,0.001845847740163479
481130123022002,0.005222006484801678
481130116031022,0.0014833278316877276
481130116042012,0.00010433933283258786
481130016022016,0.0005662272778471818
481130050002019,0.0014460292554415236
481130045003008,0.13796985148179944
481130008013003,0.005211002370875921
481130002021010,0.0001741515996467669
481130012041002,0.0004142396104592935
481130087043002,0.002053101179127117
481130093044013,0.02202300904537786
481130061001022,0.00017174505194532516
481130043001010,0.000364658118103648
481130113001018,0.002569870029553546
481130094021000,0.030638035943682404
481130096081013,0.00010621314703081403
481130165212062,0.0001923415159180547
481130136091001,0.00017174505194532516
481130004014007,0.00011731349746381987
481130062002022,0.00017174505194532516
481130126031005,0.00012551367893296847
481130087041011,0.00011678987981814325
481130015021018,0.0001741515996467669
481130013022018,0.0006968191401844589
481130208004006,0.0009534939143134121
481130101011022,0.0013811173664033598
481130132023000,0.00033811230623181264
481130004103016,0.00022363682783112717
481130054002032,0.0032751571326202888
481130115002071,0.002068290567306378
481130208003046,0.0777975223741283
481130052001043,0.0009265620532550663
481130204022011,0.00011713198228395689
481130114013004,0.00033811230623181264
481130091052011,0.00012803403024403169
481130192081036,0.0019439052986192794
481130047002026,0.0001265586836302149
481130099001072,0.4600560243903378
481130008013004,0.0005671363685453696
481130063022049,0.00014792669795788983
481130108061002,0.0008054614608546304
481130016021008,0.0028909387375285027
481130059013009,0.0013966578472319822
481130203003018,0.002576519331654173
481130109063019,0.000525286223900395
481130100011009,0.0016964969642092036
481130108091000,0.05775132592596526
481130167101028,0.0004732035719244419
481130072062003,0.2420585109691835
481130185063010,0.001755081963794209
481130110033008,0.00022363682783112717
481130019022017,0.0004605141836747125
481130027033016,0.0629404302378787
481130111011006,0.00017174505194532516
481130027033027,0.21274867283815554
481130209002043,0.00022728794232982545
481130108053010,0.0008065494821016573
481130087041004,0.005207440151350842
481130099003096,0.002900094893335479
481130117023022,0.00011324915034971191
481130165261002,0.00012803403024403169
481130136054010,0.0002732583007879326
481130080004023,0.00011678987981814325
481130208002004,0.00010353935384363786
481130037001011,0.0011647650205702832
481130208003053,0.0002668794769259179
481130114011028,0.00017174505194532516
481130076051010,0.0002732583007879326
481130203003019,0.00037968951057490517
481130118021007,0.0013017025820922091
481130128012000,0.12199802590597132
481130120001005,0.00017512121865091818
481130010012004,0.0002753022153490152
481130129002041,0.00019110708992819145
481130116041003,0.00022594530903566286
481130112022001,0.0010077817870863114
481130027031009,0.0001319068434513088
481130063013029,0.07425092929649021
481130088021010,0.0009686143858139699
481130027031007,0.004161724371997022
481130211002020,0.0002732583007879326
481130072052006,0.00025209083987521257
481130091031002,0.007988896407453913
481130111051008,0.0023104185636156345
481130128022003,0.00011108890330307464
481130210004014,0.0002732583007879326
481130117022027,0.0001886055639913748
481130165333003,0.0002732583007879326
481130046001002,0.0017430293344075326
481130047002007,0.009571869070482337
481130016011022,0.004586477350983594
481130050002052,0.00011678987981814325
481130101012035,0.00022363682783112717
481130096042027,0.00038197444848214306
481130060022003,0.4238993264295213
481130167091050,0.00016090627539121035
481130113003032,0.003221468243561056
481130106011007,0.0005918955115426465
481130167102012,0.005986704925194046
481130078103013,0.0020034902348693663
481130190191001,0.0019473869186896415
481130126044001,0.00022007458972624286
481130203001003,0.00011678987981814325
481130171023007,0.00019110708992819145
481130211002061,0.0006836609054322726
481130100032184,0.000977540206942697
481130080004024,0.001417957764883845
481130111052003,0.39828494743976695
481130013021007,0.0007131531806394664
481130093013011,0.0031811024936170486
481130203002068,0.0031316833218444726
481130105002029,0.001681642138993864
481130090012001,0.00019110708992819145
481130129002000,0.01515230764661228
481130055001025,0.0002732583007879326
481130087032003,0.00018419313575484885
481130045003011,0.001864681376288044
481130122121019,0.009454143223665737
481130132021010,0.00012551367893296847
481130190405024,0.0008857327346608241
481130131041001,0.000135810718183134
481130043001112,0.00033811230623181264
481130099001111,0.11671989546848575
481130073012022,0.00016914529071853314
481130107012054,0.00017544429018254045
481130052002041,0.0004324251956646893
481130060022013,1.1951220184884057
481130090012009,0.002140146400999363
481130059012036,0.00011345077345942783
481130093042004,0.0015837188471517264
481130108072022,0.0005407154319177217
481130050002032,0.00016167613507922114
481130110033009,0.00010433933283258786
481130068002030,0.00022363682783112717
481130112022034,0.00030179776313395503
481130019022023,0.00017001540130112493
481130136311001,0.005230286532506102
481130126011002,0.000455802184253989
481130007062007,0.00010826856466328498
481130136203000,0.0001741515996467669
481130025002009,0.0010417632967887603
481130042022021,0.0004244643359817866
481130004051006,0.0014712670241349764
481130119021001,0.0003465673270499202
481130118022006,0.0014184071552246985
481130125022005,0.000554234238728014
481130113003040,0.19894068270935727
481130127012000,0.0001976603531763453
481130084011036,0.0006572777644735228
481130127013018,0.0016209119288903453
481130211001025,0.020582422928056846
481130042013013,0.00011678987981814325
481130037002023,0.0002722491062553773
481130048001000,0.0001369850366745914
481130055001006,0.008201824294655555
481130061001014,0.2797948730258211
481130106011010,0.000233890722869804
481130090021007,0.0032751571326202888
481130057002031,0.06669490918763928
481130100032248,0.00012803403024403169
481130132021014,0.012317413968950192
481130080003000,0.00010433933283258786
481130204022012,0.0033269147950160446
481130056001004,0.0015448296839403268
481130108071012,0.008395913877157983
481130192081015,0.00015375301967325054
481130037002019,0.00033811230623181264
481130004091004,0.0002732583007879326
481130057001000,0.00033096328796565743
481130099003085,0.0027653353152168715
481130011011003,0.001866880875007936
481130057001005,0.004076302598332879
481130167111009,0.00022363682783112717
481130099001071,0.00010625430204031832
481130079062002,0.00033310576961430755
481130043001115,0.0004802933109328782
481130091051012,0.002136639092488422
481130136081006,0.00022363682783112717
481130062003020,0.0001582892739941634
481130110042005,0.009740326637413537
481130014002006,0.004779027996144585
481130130113026,0.0004273314372309777
481130013022004,0.00012775103479903134
481130078052006,0.00024650227332132017
481130136241007,0.00022363682783112717
481130106021007,0.049122063462136885
481130123013003,0.0005541291427748746
481130004092019,0.35947974704403246
481130047002010,0.11230211629298441
481130211002072,0.011896880190910833
481130108092000,0.00022619154787046491
481130190191002,0.00479246042568539
481130088021002,0.004877929409241859
481130087032030,0.01402724070751707
481130078011015,0.24486552931632216
481130128021024,0.00012803403024403169
481130006111005,0.000790663962096401
481130130053021,0.00218606219700461
481130130113024,0.0004716992316941675
481130167111004,0.0008183010956065191
481130101011032,0.0005723013551431029
481130087012019,0.00011153823164497774
481130024001007,0.00011678987981814325
481130042012001,0.00033071389342475123
481130190405002,0.00011351184560582712
481130136213004,0.00019110708992819145
481130010011003,0.00010433933283258786
481130127022008,0.00022363682783112717
481130091051010,0.0004414448723174337
481130092021009,0.001507954047546696
481130126011015,0.00017237543470849324
481130082003014,0.00033811230623181264
481130015022001,0.01682905049147892
481130126044000,0.0016698507398398975
481130093013021,0.00011678987981814325
481130050001007,0.0028622319418827864
481130043001056,0.004029815881931786
481130125021009,0.00015841832945625586
481130118021004,0.0005578088439466634
481130107012010,0.5337093146571735
481130082004000,0.00010670329459628745
481130211002049,0.00011056815573430976
481130059013021,0.00019110708992819145
481130204012042,0.0002601117634510364
481130111042028,0.00012803403024403169
481130127021009,0.0005602836322719461
481130099001042,0.00012558096848650107
481130167101011,0.0001568109251351926
481130099003065,0.0004959084410190589
481130027033020,0.001467829675229235
481130052001040,0.00010433933283258786
481130004103013,0.045266882551748926
481130100021022,0.0015531752469370437
481130084012011,0.00010656739587262704
481130099001048,0.00029917611441885195
481130003001025,0.0004819790470622462
481130020012016,0.00015308431134784215
481130065012009,0.0005579284312148005
481130073022009,0.0018655427629633314
481130087051006,0.00017174505194532516
481130087032009,0.00017174505194532516
481130096083001,0.008617976842816745
481130130072008,0.0005648917765331812
481130009023005,0.0004135682454762388
481130208004014,0.0635138226377735
481130027033009,0.0001001776819877963
481130129002010,0.00041592945372831923
481130126012003,0.00011273005064979886
481130057003017,0.00010433933283258786
481130005012002,0.01565187601785604
481130112022005,0.0003970604325929043
481130116032021,0.0002732583007879326
481130012022013,0.0033502387816055842
481130204022040,0.0003738383865555765
481130122073006,0.002900094893335479
481130126043007,0.00023718402278462958
481130063022039,0.00020985027615461237
481130047001002,0.0006389459312734844
481130100015005,0.0003625861328818445
481130037002046,0.00010433933283258786
481130192132001,0.0003291211506752247
481130211001023,0.01849422048537608
481130119021003,0.00033491124849142326
481130061002033,0.0010123599841092555
481130082004013,0.0011949047465395948
481130093032008,0.00019110708992819145
481130208003044,0.00010618126875147129
481130112012001,0.009545762900410523
481130111041008,0.003624970753674264
481130015041015,0.00033201767341755576
481130057002022,0.003321049702916154
481130208003077,0.00019110708992819145
481130202002076,0.00013798584725729392
481130022003031,0.00012551367893296847
481130127013010,0.00019110708992819145
481130078052000,0.0034896665930494383
481130043001124,0.00022363682783112717
481130072062005,0.12734475662782635
481130171012011,0.004665059779415978
481130084012036,0.0002128314523062782
481130088011003,0.0001741515996467669
481130101022007,0.0003143542630022807
481130063012010,0.0001249652365061141
481130087051033,0.10278706838103152
481130208003020,0.00012803403024403169
481130046001032,0.00012803403024403169
481130079022004,0.028105728297134498
481130045003019,0.0002685143476610363
481130025001026,0.0002732583007879326
481130053003030,0.0002732583007879326
481130027031000,0.000264687041356413
481130165261005,0.00025267290272864266
481130165111017,0.0005921548543199847
481130111051012,0.002518560439721938
481130020021001,0.00017078148827638908
481130092032025,0.0001267972662556798
481130166341019,0.00022363682783112717
481130205003024,0.11495051671761547
481130099001101,0.21941236673169534
481130064021001,0.04422605993434791
481130204022009,0.1580238280437854
481130016011029,0.00014743257593161205
481130085001037,0.00010433933283258786
481130202001014,0.00012551367893296847
481130011014011,0.004897709540636032
481130117022008,0.00012803403024403169
481130100031043,0.00010433933283258786
481130118021013,0.00033811230623181264
481130014003019,0.002293960018281089
481130118022016,0.00012803403024403169
481130211002026,0.00012803403024403169
481130065012007,0.00023035297699675774
481130111041010,0.0001741515996467669
481130088012025,0.00012803403024403169
481130092032006,0.00015740331742724939
481130115001004,0.0002361031979682419
481130165333024,0.0001741515996467669
481130112022006,0.00026295360678936595
481130107013002,0.003404878044403926
481130192131000,0.0006082253491664075
481130122113005,0.00012028594810227745
481130015042001,0.002305407262315517
481130079092004,0.22491181074605504
481130211001034,0.0006648171756746948
481130098031024,0.00017357041279875824
481130114011043,0.0008733281785052908
481130048002026,0.0001454186686321107
481130128022013,0.00028755605581301085
481130084022025,0.0001200896462958735
481130100032065,0.0005763618263851131
481130108061008,0.0007836134180088311
481130004092014,0.00041592945372831923
481130127022025,0.00011078558423993416
481130093031004,0.0034231388337054693
481130190163000,0.0006196986108383919
481130078222003,0.0020562427562870085
481130122071010,0.01450747868532253
481130008021000,0.004067468001191602
481130072042004,0.0004386733845558992
481130057001019,0.0003991799065482961
481130208004023,0.00016843972040474597
481130118012015,0.0001741515996467669
481130203003027,0.002343939294200943
481130060021004,0.00017174505194532516
481130027032016,0.00019461022664781557
481130063022010,0.00017174505194532516
481130067021031,0.0010282397028487096
481130079062003,0.000283760252319481
481130128023021,0.00022363682783112717
481130127022014,0.0009591609962390679
481130046001025,0.00010433933283258786
481130093031000,0.0004499103159519525
481130093044004,0.0003078711486088763
481130012022003,0.00245272515986808
481130208004001,0.00044649754522958806
481130136202003,0.00818705706921717
481130163012015,0.0001741515996467669
481130099003024,0.009140141809409473
481130092032002,0.00010706276288313131
481130012041017,0.030006685887237143
481130077021000,0.00012803403024403169
481130092023015,0.0008183010956065191
481130098044007,0.15492455565996405
481130042022006,0.00010826787076738811
481130062001004,0.00010433933283258786
481130045003007,0.0007469756582778745
481130015032003,0.0026450748307906375
481130072031006,0.06246322807402622
481130025002015,0.0002088470364688748
481130092032009,0.00015496790335362874
481130100012012,0.0007339456829789383
481130072062000,0.00020073541445511227
481130111041000,0.005798475632497606
481130037002053,0.00010552052666994136
481130090012027,0.003826574783344723
481130115002065,0.00019110708992819145
481130025001025,0.012778277890072213
481130136302000,0.011500848963903111
481130037001016,0.010178542652453994
481130091032000,0.0002732583007879326
481130093044008,0.0014855996671572025
481130190342003,0.00022363682783112717
481130122121020,0.000126456758727229
481130130072001,0.0004157916159180484
481130100021032,0.00024317099275282753
481130043001073,0.00011678987981814325
481130208003023,0.00013551904233776786
481130192084002,0.0732723081834919
481130108051010,0.11519233442599043
481130068002034,0.004269958042095667
481130136285041,0.27780677167304224
481130064021035,0.0002461988824067163
481130166353005,0.0012064028191459872
481130064021036,0.00017174505194532516
481130092021005,0.0002462374873333998
481130002022035,0.0004924189477058912
481130129002024,0.00022363682783112717
481130054002040,0.10662343494044083
481130056001002,0.00012551367893296847
481130057001031,0.001496569337364859
481130105002031,0.0001410734653002768
481130022003000,0.00012551367893296847
481130084022027,0.0002732583007879326
481130064011018,0.00019110708992819145
481130027032032,0.012871025622938445
481130117011014,0.00015114434955068373
481130071021017,0.00022363682783112717
481130210003006,0.00011678987981814325
481130085001009,0.0001754220328373177
481130050001009,0.005140525468820439
481130100032147,0.00010433933283258786
481130037002043,0.00015659216813923327
481130090022012,0.00015617345286504807
481130024001028,0.7864191590448439
481130084011037,0.0006180724524250646
481130203001014,0.00012551367893296847
481130078121009,0.00012732463828938015
481130054003014,0.00017174505194532516
481130185063006,0.0006361171639350902
481130116011023,0.0002732583007879326
481130079022015,0.001985248371497761
481130067021008,0.00015230267990660383
481130203002075,0.00026360073528273727
481130065011001,0.00010706276288313131
481130004014013,0.00024022296561869414
481130006102000,0.0001741515996467669
481130067012011,0.0033227833128498785
481130100012020,0.18294759233875668
481130093043014,0.00359585596771785
481130025004057,0.0001741515996467669
481130120003011,0.0006720671912642569
481130202002061,0.000126456758727229
481130108062004,0.008691326617370435
481130063021006,0.00020211746305558254
481130037001012,0.0010122504324434859
481130088022009,0.0002744149006888861
481130108053006,0.0003656330608846437
481130124003005,0.00033811230623181264
481130043001081,0.0006692038476187888
481130128021000,0.0001741515996467669
481130006052001,0.0028382889209413544
481130079121008,0.48523347899100117
481130126043000,0.0007501174201532929
481130211002054,0.0010328474436966735
481130008012013,0.0003594946725903047
481130015023012,0.0011845529946974177
481130099001079,0.00584348793100547
481130005011005,0.00026039718649790663
481130108061022,0.02645930709990954
481130059011007,0.00011678987981814325
481130116031012,0.00143751919157242
481130001001009,0.003411495865436521
481130108091003,0.00011678987981814325
481130119011002,0.001135150798804272
481130111032016,0.00011723043164751327
481130088022022,0.00033811230623181264
481130006082004,0.009717338211450604
481130092041027,0.00012551367893296847
481130096083020,0.37338545707536763
481130096102000,0.009538226140299422
481130072061002,0.0017661985597743238
481130059023013,0.00982349121613713
481130047002008,0.1618278542747755
481130208003031,0.00011763543941045599
481130055001023,0.00011678987981814325
481130117013036,0.0032423375657593405
481130211001016,0.00017174505194532516
481130202002029,0.0002413978819773247
481130078241002,0.001301973852437543
481130062003018,0.00013833666394365504
481130110041002,0.0005399191329560754
481130098021007,0.00010433933283258786
481130170102021,0.00019110708992819145
481130080003004,0.00012803403024403169
481130062003047,0.0024102707766707554
481130090011004,0.1942849702122152
481130088021006,0.0002732583007879326
481130204022109,0.0001741515996467669
481130053004027,0.001064124216945694
481130208003052,0.00033811230623181264
481130092041019,0.0005452675026216714
481130101021041,0.0001165637885309307
481130043001060,0.0001741515996467669
481130027032021,0.03989352835222114
481130210002006,0.00036712256275095743
481130092023002,0.0005074637842272753
481130208002041,0.00023829668108985117
481130078051003,0.00021080541306091105
481130210004010,0.0036942416293825288
481130015033005,0.0033231166460674726
481130170051009,0.0001427904115748108
481130110032006,0.0006009828101765215
481130131061005,0.00022363682783112717
481130167111025,0.0009184026304938894
481130093012006,0.0017107369372915428
481130128023029,0.0002732583007879326
481130037002051,0.0011845529946974177
481130009023002,0.00025706526049792093
481130010022006,0.006551437352524542
481130015033009,0.04346242796887807
481130004081000,0.002658218172746295
481130208004017,0.00022363682783112717
481130209001040,0.29889680161128224
481130165341012,0.15978032185783753
481130129004008,0.0002732583007879326
481130097011001,0.0002732583007879326
481130130101012,0.27271635267869465
481130099001090,0.01379403583366433
481130078091014,0.07369563472484968
481130111041020,0.00022287127321562742
481130204022045,0.0013664063898253477
481130043001114,0.03365292544137082
481130045001014,0.000990908942234087
481130116031018,0.0001505408601349208
481130059011023,0.010130949673205686
481130202001020,0.00035217518075684475
481130072031009,0.00035974860255650714
481130167091004,0.0001416994069218588
481130106012006,0.22160251165282732
481130204012041,0.00033811230623181264
481130091011008,0.05276019376314504
481130136103029,0.00017174505194532516
481130136101017,0.00017174505194532516
481130004011004,0.00010433933283258786
481130045003012,0.0004539578641192902
481130043001032,0.0001741515996467669
481130100012045,0.0012682886471264327
481130099001067,0.0022819261075793552
481130059012038,0.00019560167187822748
481130208003021,0.0007493378565480692
481130053001022,0.0010716546041090705
481130082003006,0.00012803403024403169
481130087043001,0.00027094760390196544
481130110021017,0.009986425881932447
481130096041000,0.0017112097383244567
481130190343000,0.07174025706030773
481130122072018,0.015397212046515556
481130078052019,0.00020475234024961057
481130204022038,0.00010433933283258786
481130004092045,0.00017480923344754962
481130081012000,0.00012551367893296847
481130063022035,0.0012594946541095182
481130099003061,0.00010409212628612712
481130190183000,0.05217321578188317
481130122071021,0.0001741515996467669
481130167091059,0.05938779173434717
481130004012007,0.0006208276609424841
481130099003019,0.0015796548352974163
481130108092034,0.00017174505194532516
481130025004030,0.00022363682783112717
481130053001008,0.00026039718649790663
481130042011035,0.0006139784839586188
481130208003070,0.015881248510808913
481130136202011,0.009856264449877089
481130091042019,0.0001741515996467669
481130127012009,0.00020953948322584588
481130093032011,0.00019747288068279855
481130101012015,0.00017174505194532516
481130008011001,0.00010347365111392154
481130096112005,0.0018201807056677346
481130099001124,0.00024533402178505753
481130115001009,0.00033811230623181264
481130185063005,0.00011678987981814325
481130042013006,0.00012551367893296847
481130007062015,0.00046034972869125125
481130208001004,0.00033205799326076874
481130072052007,0.0006541289049674443
481130008012014,0.012943567467871708
481130016021006,0.0001741515996467669
481130107011002,0.004743398768373497
481130108072012,0.000283376752048998
481130192081020,0.00021989619532207492
481130064021040,0.03500426706188543
481130009021001,0.0002732583007879326
481130052002023,0.00016594234705099922
481130165261022,0.0019034097299469083
481130047002031,0.00014286886660608059
481130008022005,0.0006092624876673802
481130165331001,0.00033811230623181264
481130013022021,0.28474213255610525
481130208004018,0.0013634833985149354
481130096083000,0.00010433933283258786
481130136061000,0.00022911132842284393
481130090012005,0.00011678987981814325
481130081024012,0.00017174505194532516
481130100015000,0.0536082634052281
481130105002006,0.00017174505194532516
481130117013034,0.00012803403024403169
481130100032224,0.00017174505194532516
481130091013027,0.00012551367893296847
481130080003016,0.00011678987981814325
481130118022011,0.00012551367893296847
481130020012013,0.15006742121182712
481130027032061,0.0001741515996467669
481130093031011,0.0018201807056677346
481130099003100,0.007959364003687412
481130167101002,0.0018950973109713584
481130037001005,0.0008054614608546304
481130025003027,0.00040470301476813123
481130100012032,0.00012834539709635578
481130008013005,0.0001449276416580194
481130190193001,0.00012803403024403169
481130020012012,0.00023760492005686418
481130100032084,0.00019110708992819145
481130128021010,0.0002732583007879326
481130004082000,0.0015162331421774953
481130072042003,0.002900456885142423
481130094022018,0.00017174505194532516
481130055003038,0.0021516558484023537
481130106022025,0.00013190768885093464
481130027033028,0.00012803403024403169
481130136103021,0.002797269329398765
481130072052003,0.009094324765798953
481130097021013,0.0003666582178420071
481130101011035,0.00012551367893296847
481130005022000,0.00040900867582276313
481130165273008,0.00011678987981814325
481130176051004,0.00012551367893296847
481130085001042,0.027276186680190974
481130205003003,0.00019932148122665146
481130123011026,0.00010433933283258786
481130122091009,0.00019110708992819145
481130165261011,0.00010433933283258786
481130136101031,0.00012551367893296847
481130088022023,0.0012715565111200919
481130092021006,0.0001365623900104663
481130092023013,0.00016097610420627117
481130136092035,0.00019110708992819145
481130123021002,0.0001289708143588211
481130097012000,0.00012803403024403169
481130204022112,0.0026059293038419784
481130037001008,0.02950800223633181
481130096091016,0.00021145991504403964
481130208003008,0.00022363682783112717
481130088023002,0.00017174505194532516
481130110032012,0.00012551367893296847
481130045003022,0.00030970153947834265
481130096051019,0.00011678987981814325
481130008012001,0.00033811230623181264
481130088022019,0.00010433933283258786
481130015033000,0.0011185399697817646
481130117022024,0.0005240482178297711
481130004081002,0.0002576532436713932
481130190182003,0.0007711426091191356
481130105002023,0.005284020636239576
481130166341005,0.00012281840406987038
481130093044012,0.00033811230623181264
481130130082022,0.00011335923722733991
481130116011002,0.00032987413406896656
481130111031010,0.00018971668672925022
481130078231001,0.0019975866490592057
481130079122002,0.0036011737343674298
481130037001003,0.00021672501161936898
481130112012004,0.17566594256976265
481130025001006,0.00015169018468895663
481130006081001,0.00023263718357259354
481130065021003,0.00012551367893296847
481130012041023,0.00017174505194532516
481130047002035,0.0002591889988628924
481130131012020,0.0001741515996467669
481130063013022,0.0001611667046482411
481130100032159,0.0010818950125273921
481130130112001,0.11855260321027575
481130116011000,0.004288830390736915
481130166341029,0.00023937117314457094
481130080004029,0.0010650338038300758
481130092042003,0.0037291682927639773
481130096111003,0.0004977788351286658
481130099001098,0.001967694830138295
481130100032151,0.0001546168858800776
481130087013005,0.004191849373202816
481130087042006,0.001721370073871414
481130210002007,0.0014184527578496387
481130078091012,0.0010223002509964505
481130005012007,0.02888111900838893
481130113001012,0.0005074637842272753
481130006102010,0.00010623936769475539
481130073011025,0.00017050292378603964
481130094021006,0.00010433933283258786
481130024002014,0.0008810038161600474
481130006051013,0.004369153339270879
481130128012007,0.00019110708992819145
481130136063029,0.00019110708992819145
481130140011052,0.00012551367893296847
481130099001096,0.03125019107997717
481130073024002,0.0004003878524761456
481130009012011,0.004385331990575259
481130004013000,0.021581793309867217
481130087013007,0.0004836984250516127
481130078091006,0.00020307519207304623
481130128022024,0.000600452321335308
481130027032063,0.016483701151965992
481130072041005,0.00012551367893296847
481130009021005,0.0010576666419789525
481130202002014,0.00017174505194532516
481130099001123,0.0054944303069391145
481130047002000,0.00174922547015951
481130106011024,0.0001741515996467669
481130185051003,0.029353154089561306
481130005022002,0.00019110708992819145
481130042022027,0.000318511012647652
481130004082003,0.00019110708992819145
481130059023014,0.0002651990125078261
481130116032001,0.0002461988824067163
481130053001003,0.0002732583007879326
481130037002012,0.001253188915426727
481130056002015,0.0001741515996467669
481130117013035,0.00020301203620200794
481130053002005,0.0016319186660809207
481130127011020,0.011019114032781128
481130093031010,0.00012276862192582067
481130115001000,0.2653760518439314
481130101012020,0.00011194103290093196
481130088021015,0.00018430260370304698
481130211001026,0.00015308431134784215
481130111013022,0.02316077960498816
481130078191002,0.0014048901258759143
481130056003004,0.00018578788804256968
481130118021006,0.0005465754452631448
481130113002010,0.0012557589895689381
481130210002019,0.00016598291697940922
481130063011022,0.00012803403024403169
481130093041025,0.00019110708992819145
481130027032018,0.00029513274020160924
481130054003047,0.00011678987981814325
481130131021007,0.00019110708992819145
481130022001033,0.00010433933283258786
481130008022003,0.0005119883809595065
481130099003033,0.00014519548826174295
481130209001065,0.0018201807056677346
481130124001008,0.0008919772361859112
481130101022000,0.0001521519904470448
481130004092037,0.004127587983584282
481130171021032,0.0003432257156551527
481130005022003,0.0005079934025657869
481130056003029,0.00030909416644264335
481130057001013,0.00012803403024403169
481130203002052,0.00010433933283258786
481130167102008,0.00017531375769514615
481130113002035,0.0002732583007879326
481130209001006,0.00014771026051324342
481130072052010,0.011152254628891292
481130130122017,0.08879711540775337
481130122062006,0.0002844921942224263
481130060021002,0.309544587037645
481130071022007,0.00011678987981814325
481130100032211,0.00018661734199165063
481130129004009,0.00012754028479979054
481130210002005,0.003780585132539748
481130136252000,0.0002732583007879326
481130092041003,0.0006189194207573382
481130209002085,0.0003037880009991812
481130078101001,0.0005168603219150634
481130130051013,0.0003100919082379913
481130210001019,0.01336013877421766
481130037001006,0.0001741515996467669
481130096041002,0.002389584236855824
481130062002012,0.00013728148192796021
481130020012017,0.00035785743854834185
481130004012018,0.00018445320424734858
481130064021011,0.00019110708992819145
481130065022033,0.0003594906584687682
481130006111004,0.006238930011493828
481130056001014,0.00010433933283258786
481130127013016,0.0004330960404331683
481130091011010,0.0008276630554225075
481130167111037,0.00011996530160571601
481130090021004,0.01864543050147478
481130009011004,0.0015777755518205964
481130004052002,0.00013087553516773722
481130061002000,0.00012803403024403169
481130072032003,0.000239900762129053
481130064022033,0.0001741515996467669
481130078092014,0.0023657102241873553
481130113002024,0.08473229788853162
481130112012002,0.001889672133265237
481130004071003,0.0001741515996467669
481130117023030,0.0009692842863019004
481130210003021,0.00012551367893296847
481130106022015,0.00010433933283258786
481130116012001,0.00022366481278835685
481130055001033,0.0027990495342163743
481130131071003,0.002909940032539431
481130091013001,0.000332283098550799
481130099003098,0.23378144238726817
481130171023021,0.0015831303490336662
481130084021000,0.0001741515996467669
481130084012029,0.0009056782531601866
481130116042003,0.001125988262065722
481130108052001,0.00020254792026060272
481130100032109,0.0016905915339687882
481130022001034,0.0064727755126024345
481130057003000,0.004155637594339107
481130060022011,0.013303658031246286
481130042011041,0.00011678987981814325
481130087031008,0.00017174505194532516
481130202001013,0.053431555898364194
481130084012021,0.0004864894872736431
481130059021016,0.00019966704774255952
481130167091035,0.00019110708992819145
481130012022006,0.01686723184662395
481130059023010,0.001769924283002782
481130192082000,0.0002374279826697797
481130042022023,0.0004835866893766771
481130096112026,0.0005447779623435371
481130056002019,0.0004191269251719739
481130136052002,0.0006751730867529627
481130090011002,0.00017174505194532516
481130094012000,0.0001741515996467669
481130122131009,0.00011678987981814325
481130190405004,0.00033811230623181264
481130190181004,0.00019110708992819145
481130121021014,0.0001280095823124054
481130037001024,0.0014413832767357314
481130136111024,0.00022363682783112717
481130120002007,0.000832335453696324
481130043001002,0.0002814721073626911
481130136112009,0.004384598825633501
481130015032005,0.027963168781701454
481130122072015,0.0004314590477436098
481130118013005,0.0002732583007879326
481130043001034,0.003616442088940369
481130167101000,0.00010433933283258786
481130132012005,0.00012803403024403169
481130128023027,0.001018756255979629
481130110022033,0.00022363682783112717
481130091042011,0.00020387317871342013
481130012041003,0.0028255980032430507
481130087011002,0.0003954862136192663
481130067012001,0.0003622480690481741
481130014003000,0.00015159205021981817
481130117013010,0.0030235253434855777
481130054003042,0.0001741515996467669
481130019013007,0.0005913977379425876
481130185063053,0.00010732804766359541
481130087012020,0.00011610558643460758
481130063021020,0.00023829668108985117
481130084012002,0.0001312179177789683
481130127021015,0.00022363682783112717
481130110021020,0.0002708872891120709
481130202002069,0.0008483389443152698
481130088021018,0.0003124870312185636
481130209001020,0.0008877028674081877
481130027032048,0.0002606673427981943
481130003001009,0.001875008089587044
481130210001035,0.004748743026728669
481130005011003,0.0011020361758418836
481130210004005,0.0003483356030311035
481130009012021,0.00012318833027028864
481130005012006,0.00014245647367633
481130126012006,0.002861458293193363
481130117012002,0.0022583765370843656
481130110031009,0.00017174505194532516
481130099003012,0.0006852372696865952
481130016021000,0.0010566256766230675
481130056001033,0.045525333075629844
481130111041019,0.08660837442128548
481130063022051,0.00011966277138200903
481130208002006,0.00019208276946695174
481130056003002,0.00011189772752166137
481130100032145,0.012280579203168301
481130051002006,0.00012803403024403169
481130015032011,0.0023183015180070336
481130136261000,0.00022987676595730044
481130099001073,0.16298563803657634
481130107015010,0.014124187943967921
481130063013009,0.00022363682783112717
481130101012033,0.00017174505194532516
481130210001025,0.00028441777971750895
481130096051021,0.0005750330668200024
481130109041003,0.12988976586023931
481130165272026,0.00010706276288313131
481130129004026,0.00012551367893296847
481130072042011,0.00019656711862839284
481130052001035,0.0005249893350302725
481130087013013,0.00012803403024403169
481130092032011,0.00012803403024403169
481130004052001,0.003670685563466311
481130004071000,0.07802151060667947
481130099003050,0.3042851209034444
481130166353006,0.0005351139878359169
481130022001013,0.00017174505194532516
481130165211005,0.3689644388122682
481130115002024,0.00015114434955068373
481130105002030,0.0005650538988253287
481130093041019,0.00026039718649790663
481130205001001,0.010488184731350336
481130108072017,0.06189584576362403
481130107015009,0.05743220606440978
481130116041005,0.00018745659004369664
481130093032022,0.0003096358357934752
481130202002021,0.0002326281548351492
481130125022000,0.01015209626233602
481130210003030,0.0005615408994926144
481130099003066,0.029200430588183973
481130107043001,0.09925461258387297
481130108071005,0.00012665700079137122
481130084022006,0.558197245358473
481130170052005,0.0005594686083429811
481130079102001,0.0001589532912529591
481130114011011,0.00039594387896746305
481130100032032,0.02200882419023605
481130091051004,0.00011723043164751327
481130015021001,0.00019110708992819145
481130116011017,0.00011046229893181345
481130086041009,0.0002825133563128449
481130043001099,0.0003829264007389788
481130208002013,0.00021694184889702115
481130204022113,0.0002732583007879326
481130106021012,0.01245337040123923
481130096043011,0.000581251648969559
481130113001016,0.00042232827390836097
481130013022012,0.00033811230623181264
481130080004008,0.00033811230623181264
481210216372005,0.00022363682783112717
481210216353011,0.008218536474095602
481210216381000,0.0020605777622309707
481210216353013,0.0014473865582134689
481210216422001,0.022118314668231196
481210216372004,0.00022363682783112717
481210216353001,0.0006081947723518581
481210216373000,0.000501928754117183
481210216371003,0.0002732583007879326
481210216421000,0.00030937004059807975
481210216343000,0.014857039834177117
481210216373004,0.0011164293187697688
