method,GEOID20,center
contiguous,360810415001006,360810415001006
contiguous,360810415002000,360810415001006
contiguous,360810427001000,360810415001006
contiguous,360810427001001,360810415001006
contiguous,360810415002002,360810415001006
contiguous,360810427002000,360810415001006
contiguous,360810415002001,360810415001006
contiguous,360810427002002,360810415001006
contiguous,360810427001004,360810415001006
contiguous,360810427001003,360810415001006
contiguous,360810427001002,360810415001006
contiguous,360810413003003,360810415001006
contiguous,360810427002001,360810415001006
contiguous,360810427002003,360810415001006
contiguous,360810439001001,360810415001006
contiguous,360810413002004,360810415001006
contiguous,360810427002004,360810415001006
contiguous,360810439002000,360810415001006
contiguous,360810439001000,360810415001006
contiguous,360810439001002,360810415001006
contiguous,360810427002005,360810415001006
contiguous,360810413001001,360810415001006
contiguous,360810439002002,360810415001006
contiguous,360810439002001,360810415001006
contiguous,360810413001000,360810415001006
contiguous,360810439001004,360810415001006
contiguous,360810439002010,360810415001006
contiguous,360810439002003,360810415001006
contiguous,360810439001003,360810415001006
contiguous,360810443011000,360810415001006
contiguous,360810443011001,360810415001006
contiguous,360810439002004,360810415001006
contiguous,360810427002006,360810415001006
contiguous,360810413001003,360810415001006
contiguous,360810413001002,360810415001006
contiguous,360810413001004,360810415001006
contiguous,360810437011001,360810415001006
contiguous,360810439002009,360810415001006
contiguous,360810443011002,360810415001006
contiguous,360810439002008,360810415001006
contiguous,360810443011006,360810415001006
contiguous,360810439002005,360810415001006
contiguous,360810443011004,360810415001006
contiguous,360810443011003,360810415001006
contiguous,360810439002006,360810415001006
contiguous,360810437011002,360810415001006
contiguous,360810439002007,360810415001006
contiguous,360810411002000,360810415001006
contiguous,360810443012000,360810415001006
contiguous,360810437022001,360810415001006
contiguous,360810443012002,360810415001006
contiguous,360810411002004,360810415001006
contiguous,360810443021000,360810415001006
contiguous,360810437012006,360810415001006
contiguous,360810443011005,360810415001006
contiguous,360810437022000,360810415001006
contiguous,360810411002001,360810415001006
contiguous,360810437011000,360810415001006
contiguous,360810437012007,360810415001006
contiguous,360810443012001,360810415001006
contiguous,360810437022002,360810415001006
contiguous,360810437022003,360810415001006
contiguous,360810411002002,360810415001006
contiguous,360810443021001,360810415001006
contiguous,360810437012005,360810415001006
contiguous,360810437012008,360810415001006
contiguous,360810437012003,360810415001006
contiguous,360810443022000,360810415001006
contiguous,360810411002003,360810415001006
contiguous,360810437023001,360810415001006
contiguous,360810437012000,360810415001006
contiguous,360810437023000,360810415001006
contiguous,360810443012003,360810415001006
contiguous,360810443012004,360810415001006
contiguous,360810437012001,360810415001006
contiguous,360810443021002,360810415001006
contiguous,360810437012002,360810415001006
contiguous,360810437023003,360810415001006
contiguous,360810745001000,360810415001006
contiguous,360810437012009,360810415001006
contiguous,360810411001004,360810415001006
contiguous,360810437023002,360810415001006
contiguous,360810745001001,360810415001006
contiguous,360810411001006,360810415001006
contiguous,360810437012004,360810415001006
contiguous,360810443022001,360810415001006
contiguous,360810443021003,360810415001006
contiguous,360810437021005,360810415001006
contiguous,360810745002000,360810415001006
contiguous,360810411001005,360810415001006
contiguous,360810443023000,360810415001006
contiguous,360810437021001,360810415001006
contiguous,360810443021006,360810415001006
contiguous,360810745002001,360810415001006
contiguous,360810461002001,360810415001006
contiguous,360810443022002,360810415001006
contiguous,360810437021000,360810415001006
contiguous,360810443021004,360810415001006
contiguous,360810745002002,360810415001006
contiguous,360810437021004,360810415001006
contiguous,360810745001002,360810415001006
contiguous,360810747001000,360810415001006
contiguous,360810463002004,360810415001006
contiguous,360810437021003,360810415001006
contiguous,360810383021067,360810415001006
contiguous,360810443021005,360810415001006
contiguous,360810461002000,360810415001006
contiguous,360810443022003,360810415001006
contiguous,360810443023001,360810415001006
contiguous,360810461002002,360810415001006
contiguous,360810383021068,360810415001006
contiguous,360810745002003,360810415001006
contiguous,360810455003000,360810415001006
contiguous,360810719001000,360810415001006
contiguous,360810383021065,360810415001006
contiguous,360810437021002,360810415001006
contiguous,360810443022004,360810415001006
contiguous,360810463002003,360810415001006
contiguous,360810745001003,360810415001006
contiguous,360810443023002,360810415001006
contiguous,360810459001000,360810415001006
contiguous,360810459001006,360810415001006
contiguous,360810719001001,360810415001006
contiguous,360810383021066,360810415001006
contiguous,360810443022005,360810415001006
contiguous,360810459002000,360810415001006
contiguous,360810747001001,360810415001006
contiguous,360810455004000,360810415001006
contiguous,360810719001002,360810415001006
contiguous,360810443023003,360810415001006
contiguous,360810455002000,360810415001006
contiguous,360810463002002,360810415001006
contiguous,360810457001000,360810415001006
contiguous,360810719001005,360810415001006
contiguous,360810383021088,360810415001006
contiguous,360810443023004,360810415001006
contiguous,360810457001003,360810415001006
contiguous,360810463002001,360810415001006
contiguous,360810383021031,360810415001006
contiguous,360810383021032,360810415001006
contiguous,360810443023005,360810415001006
contiguous,360810719001004,360810415001006
contiguous,360810383021029,360810415001006
contiguous,360810455005000,360810415001006
contiguous,360810457001004,360810415001006
contiguous,360810455001000,360810415001006
contiguous,360810717022000,360810415001006
contiguous,360810719002002,360810415001006
contiguous,360810457001001,360810415001006
contiguous,360810683001000,360810415001006
contiguous,360810457001002,360810415001006
contiguous,360810717021000,360810415001006
contiguous,360810719002003,360810415001006
contiguous,360810463001005,360810415001006
contiguous,360810455006000,360810415001006
contiguous,360810683002000,360810415001006
contiguous,360810719002004,360810415001006
contiguous,360810683002001,360810415001006
contiguous,360810457001005,360810415001006
contiguous,360810683001001,360810415001006
contiguous,360810717022015,360810415001006
contiguous,360810683003000,360810415001006
contiguous,360810457002000,360810415001006
contiguous,360810717011000,360810415001006
contiguous,360810717022014,360810415001006
contiguous,360810457002001,360810415001006
contiguous,360810683003002,360810415001006
contiguous,360810683002002,360810415001006
contiguous,360810717022013,360810415001006
contiguous,360810383021028,360810415001006
contiguous,360810457002002,360810415001006
contiguous,360810683001002,360810415001006
contiguous,360810717013000,360810415001006
contiguous,360810683003001,360810415001006
contiguous,360810383021030,360810415001006
contiguous,360810717013001,360810415001006
contiguous,360810683002003,360810415001006
contiguous,360810683002006,360810415001006
contiguous,360810693001001,360810415001006
contiguous,360810383021024,360810415001006
scan,360810747001002,360810747001002
scan,360810747001001,360810747001002
scan,360810747001003,360810747001002
scan,360810383021064,360810747001002
scan,360810383021088,360810747001002
scan,360810747001004,360810747001002
scan,360810747001000,360810747001002
scan,360810745001003,360810747001002
scan,360810745001004,360810747001002
scan,360810747001005,360810747001002
scan,360810745001002,360810747001002
scan,360810743001000,360810747001002
scan,360810747001006,360810747001002
scan,360810745001001,360810747001002
scan,360810383021065,360810747001002
scan,360810745001000,360810747001002
scan,360810743001001,360810747001002
scan,360810383021068,360810747001002
scan,360810383021067,360810747001002
scan,360810437012001,360810747001002
scan,360810745002007,360810747001002
scan,360810745002006,360810747001002
scan,360810743001002,360810747001002
scan,360810743004000,360810747001002
scan,360810383021066,360810747001002
scan,360810747002000,360810747001002
scan,360810745002002,360810747001002
scan,360810745002004,360810747001002
scan,360810437012003,360810747001002
scan,360810743002000,360810747001002
scan,360810745002008,360810747001002
scan,360810745002005,360810747001002
scan,360810745002001,360810747001002
scan,360810437012002,360810747001002
scan,360810437011000,360810747001002
scan,360810383021057,360810747001002
scan,360810437012000,360810747001002
scan,360810747002002,360810747001002
scan,360810743004001,360810747001002
scan,360810745002000,360810747001002
scan,360810745002003,360810747001002
scan,360810743002001,360810747001002
scan,360810437012004,360810747001002
scan,360810383021032,360810747001002
scan,360810741001000,360810747001002
scan,360810383021031,360810747001002
scan,360810743004002,360810747001002
scan,360810719002005,360810747001002
scan,360810437012009,360810747001002
scan,360810437012008,360810747001002
scan,360810719001003,360810747001002
scan,360810721001000,360810747001002
scan,360810719002000,360810747001002
scan,360810437012006,360810747001002
scan,360810743002002,360810747001002
scan,360810437012007,360810747001002
scan,360810383021029,360810747001002
scan,360810747002001,360810747001002
scan,360810719002001,360810747001002
scan,360810743003000,360810747001002
scan,360810437011002,360810747001002
scan,360810437012005,360810747001002
scan,360810721002000,360810747001002
scan,360810741002000,360810747001002
scan,360810437011001,360810747001002
scan,360810437023000,360810747001002
scan,360810383021055,360810747001002
scan,360810747002003,360810747001002
scan,360810719001002,360810747001002
scan,360810383021063,360810747001002
scan,360810719002004,360810747001002
scan,360810437023003,360810747001002
scan,360810743003002,360810747001002
scan,360810427002006,360810747001002
scan,360810721003000,360810747001002
scan,360810741001001,360810747001002
scan,360810439002007,360810747001002
scan,360810743003001,360810747001002
scan,360810719001001,360810747001002
scan,360810437022003,360810747001002
scan,360810747002005,360810747001002
scan,360810741002001,360810747001002
scan,360810437022000,360810747001002
scan,360810719002003,360810747001002
scan,360810439002009,360810747001002
scan,360810747002004,360810747001002
scan,360810721001001,360810747001002
scan,360810437021000,360810747001002
scan,360810427002005,360810747001002
scan,360810383021046,360810747001002
scan,360810721004000,360810747001002
scan,360810719001005,360810747001002
scan,360810437021001,360810747001002
scan,360810439002008,360810747001002
scan,360810741002003,360810747001002
scan,360810719001004,360810747001002
scan,360810719001000,360810747001002
scan,360810719002002,360810747001002
scan,360810439002010,360810747001002
scan,360810741003000,360810747001002
scan,360810439002006,360810747001002
scan,360810383021062,360810747001002
scan,360810721002001,360810747001002
scan,360810437023002,360810747001002
scan,360810721005000,360810747001002
scan,360810437023001,360810747001002
scan,360810427002004,360810747001002
scan,360810437022001,360810747001002
scan,360810741002002,360810747001002
scan,360810439002002,360810747001002
scan,360810713042000,360810747001002
scan,360810383021033,360810747001002
scan,360810757022000,360810747001002
scan,360810439002003,360810747001002
scan,360810437021002,360810747001002
scan,360810757022002,360810747001002
scan,360810717014000,360810747001002
scan,360810741004000,360810747001002
scan,360810437022002,360810747001002
scan,360810721003001,360810747001002
scan,360810717011000,360810747001002
scan,360810721005002,360810747001002
scan,360810427002003,360810747001002
scan,360810741003001,360810747001002
scan,360810437021003,360810747001002
scan,360810383021028,360810747001002
scan,360810757022001,360810747001002
scan,360810757022003,360810747001002
scan,360810741004001,360810747001002
scan,360810713042001,360810747001002
scan,360810713042002,360810747001002
scan,360810721004001,360810747001002
scan,360810439002004,360810747001002
scan,360810717021000,360810747001002
scan,360810717014001,360810747001002
scan,360810439002000,360810747001002
scan,360810439002001,360810747001002
scan,360810439002005,360810747001002
scan,360810717014002,360810747001002
scan,360810427002002,360810747001002
scan,360810443012001,360810747001002
scan,360810437021004,360810747001002
scan,360810741004003,360810747001002
scan,360810437021005,360810747001002
scan,360810443012002,360810747001002
scan,360810717022002,360810747001002
scan,360810757022005,360810747001002
scan,360810383021030,360810747001002
scan,360810721005001,360810747001002
scan,360810717022001,360810747001002
scan,360810739001000,360810747001002
scan,360810443012003,360810747001002
scan,360810439001004,360810747001002
scan,360810757022004,360810747001002
scan,360810713041000,360810747001002
scan,360810717012000,360810747001002
scan,360810427002000,360810747001002
scan,360810455004000,360810747001002
scan,360810717013000,360810747001002
scan,360810741004002,360810747001002
scan,360810443012000,360810747001002
scan,360810713031000,360810747001002
scan,360810757022006,360810747001002
scan,360810713044000,360810747001002
scan,360810717022015,360810747001002
scan,360810739002000,360810747001002
scan,360810713044001,360810747001002
scan,360810443012004,360810747001002
scan,360810383021034,360810747001002
scan,360810439001000,360810747001002
scan,360810713041001,360810747001002
scan,360810713031003,360810747001002
scan,360810427001001,360810747001002
scan,360810383021091,360810747001002
scan,360810383021047,360810747001002
scan,360810455003000,360810747001002
scan,360810739001001,360810747001002
scan,360810713044002,360810747001002
scan,360810383021037,360810747001002
scan,360810717012001,360810747001002
scan,360810757022007,360810747001002
scan,360810713031001,360810747001002
scan,360810443011002,360810747001002
scan,360810383021036,360810747001002
scan,360810383021083,360810747001002
scan,360810443011003,360810747001002
scan,360810717022000,360810747001002
scan,360810383021040,360810747001002
scan,360810739002001,360810747001002
scan,360810717022014,360810747001002
scan,360810383021061,360810747001002
scan,360810713043000,360810747001002
scan,360810443011005,360810747001002
scan,360810717012003,360810747001002
scan,360810757022008,360810747001002
scan,360810383021060,360810747001002
scan,360810713032000,360810747001002
scan,360810383021048,360810747001002
scan,360810439001001,360810747001002
scan,360810717022005,360810747001002
scan,360810427002001,360810747001002
scan,360810383021038,360810747001002
scan,360810427001000,360810747001002
scan,360810383021090,360810747001002
scan,360810739001002,360810747001002
scan,360810717013001,360810747001002
scan,360810439001002,360810747001002
scan,360810455005000,360810747001002
scan,360810717022003,360810747001002
scan,360810717012002,360810747001002
scan,360810383021039,360810747001002
scan,360810443011001,360810747001002
scan,360810443023000,360810747001002
scan,360810383021059,360810747001002
scan,360810739003000,360810747001002
scan,360810713043001,360810747001002
scan,360810713043002,360810747001002
scan,360810713031002,360810747001002
scan,360810717022004,360810747001002
scan,360810713032001,360810747001002
scan,360810713063000,360810747001002
scan,360810383021049,360810747001002
scan,360810757022011,360810747001002
scan,360810793001000,360810747001002
scan,360810383021041,360810747001002
scan,360810443011004,360810747001002
scan,360810383021035,360810747001002
scan,360810383021021,360810747001002
scan,360810415002000,360810747001002
scan,360810717022013,360810747001002
scan,360810693001000,360810747001002
scan,360810717012004,360810747001002
scan,360810757022009,360810747001002
scan,360810739002002,360810747001002
scan,360810697011000,360810747001002
scan,360810713064000,360810747001002
scan,360810427001002,360810747001002
scan,360810443011000,360810747001002
scan,360810427001003,360810747001002
scan,360810439001003,360810747001002
scan,360810455002000,360810747001002
scan,360810713033000,360810747001002
scan,360810713064001,360810747001002
scan,360810739003003,360810747001002
scan,360810427001004,360810747001002
scan,360810443022000,360810747001002
scan,360810455006000,360810747001002
scan,360810713052000,360810747001002
scan,360810413001000,360810747001002
scan,360810717013002,360810747001002
scan,360810693001003,360810747001002
scan,360810697011001,360810747001002
scan,360810757022016,360810747001002
scan,360810713064003,360810747001002
scan,360810415001006,360810747001002
scan,360810693001001,360810747001002
scan,360810713063001,360810747001002
scan,360810443023001,360810747001002
scan,360810413001004,360810747001002
scan,360810713052001,360810747001002
scan,360810415002001,360810747001002
scan,360810713064002,360810747001002
scan,360810739003001,360810747001002
scan,360810803012002,360810747001002
scan,360810713033001,360810747001002
scan,360810383021082,360810747001002
scan,360810757022014,360810747001002
scan,360810383021045,360810747001002
scan,360810803012005,360810747001002
scan,360810739004000,360810747001002
scan,360810803012001,360810747001002
scan,360810757022010,360810747001002
scan,360810383021054,360810747001002
scan,360810713033002,360810747001002
scan,360810413001003,360810747001002
scan,360810757022012,360810747001002
scan,360810443011006,360810747001002
scan,360810693001002,360810747001002
scan,360810803012006,360810747001002
scan,360810383021042,360810747001002
scan,360810693001004,360810747001002
scan,360810739003002,360810747001002
scan,360810383021080,360810747001002
scan,360810803022007,360810747001002
scan,360810697011002,360810747001002
scan,360810383021024,360810747001002
scan,360810713062000,360810747001002
scan,360810443023002,360810747001002
scan,360810383021081,360810747001002
scan,360810717022012,360810747001002
scan,360810713061000,360810747001002
scan,360810415002002,360810747001002
scan,360810443022001,360810747001002
scan,360810803021001,360810747001002
scan,360810713063002,360810747001002
scan,360810757022015,360810747001002
scan,360810757022013,360810747001002
scan,360810803021002,360810747001002
scan,360810455001000,360810747001002
scan,360810413002004,360810747001002
scan,360810413001001,360810747001002
scan,360810713063003,360810747001002
scan,360810809001000,360810747001002
scan,360810803011006,360810747001002
scan,360810683003000,360810747001002
scan,360810683003002,360810747001002
scan,360810809001002,360810747001002
scan,360810693001005,360810747001002
scan,360810713033003,360810747001002
scan,360810693002000,360810747001002
scan,360810803021004,360810747001002
scan,360810803022009,360810747001002
scan,360810713051001,360810747001002
scan,360810697012000,360810747001002
scan,360810443021000,360810747001002
scan,360810713051000,360810747001002
scan,360810739004001,360810747001002
scan,360810803021005,360810747001002
scan,360810443023003,360810747001002
scan,360810717022007,360810747001002
scan,360810713051002,360810747001002
scan,360810739004003,360810747001002
scan,360810713061001,360810747001002
scan,360810443022002,360810747001002
scan,360810717022008,360810747001002
scan,360810413001002,360810747001002
scan,360810803011005,360810747001002
scan,360810717022006,360810747001002
scan,360810713062001,360810747001002
scan,360810713054001,360810747001002
scan,360810411002004,360810747001002
scan,360810803012004,360810747001002
scan,360810713053000,360810747001002
scan,360810803021003,360810747001002
scan,360810413003003,360810747001002
scan,360810683002001,360810747001002
scan,360810713054000,360810747001002
scan,360810687001000,360810747001002
scan,360810383021050,360810747001002
scan,360810717022009,360810747001002
scan,360810697012001,360810747001002
scan,360810693002001,360810747001002
scan,360810757023000,360810747001002
scan,360810803022008,360810747001002
scan,360810443023004,360810747001002
scan,360810693002003,360810747001002
scan,360810803022003,360810747001002
scan,360810803021006,360810747001002
scan,360810739005000,360810747001002
scan,360810717022017,360810747001002
scan,360810711004000,360810747001002
scan,360810803022004,360810747001002
scan,360810739004002,360810747001002
scan,360810697013000,360810747001002
scan,360810443022003,360810747001002
scan,360810803012003,360810747001002
scan,360810687001001,360810747001002
scan,360810443023005,360810747001002
scan,360810683002000,360810747001002
scan,360810757023001,360810747001002
scan,360810443021001,360810747001002
scan,360810713062002,360810747001002
scan,360810411002000,360810747001002
scan,360810711002001,360810747001002
scan,360810383021020,360810747001002
scan,360810803011002,360810747001002
scan,360810803011007,360810747001002
scan,360810693002002,360810747001002
scan,360810803012000,360810747001002
scan,360810717022016,360810747001002
scan,360810803022002,360810747001002
scan,360810711004001,360810747001002
scan,360810443022004,360810747001002
scan,360810739005001,360810747001002
scan,360810697013001,360810747001002
best fit,360810383021040,360810437012006
best fit,360810437012008,360810437012006
best fit,360810697011002,360810437012006
best fit,360810747001006,360810437012006
best fit,360810713044001,360810437012006
best fit,360810717022001,360810437012006
best fit,360810717013002,360810437012006
best fit,360810713044002,360810437012006
best fit,360810687001000,360810437012006
best fit,360810383021035,360810437012006
best fit,360810443021006,360810437012006
best fit,360810485002004,360810437012006
best fit,360810439001003,360810437012006
best fit,360810413001003,360810437012006
best fit,360810757022004,360810437012006
best fit,360810461001006,360810437012006
best fit,360810437023001,360810437012006
best fit,360810383021045,360810437012006
best fit,360810443012004,360810437012006
best fit,360810443021005,360810437012006
best fit,360810411002003,360810437012006
best fit,360810717022008,360810437012006
best fit,360810461002002,360810437012006
best fit,360810411001006,360810437012006
best fit,360810739003001,360810437012006
best fit,360810411002000,360810437012006
best fit,360810743003000,360810437012006
best fit,360810683003002,360810437012006
best fit,360810717022012,360810437012006
best fit,360810803011003,360810437012006
best fit,360810463002004,360810437012006
best fit,360810717022015,360810437012006
best fit,360810739001001,360810437012006
best fit,360810739002002,360810437012006
best fit,360810415002001,360810437012006
best fit,360810427001002,360810437012006
best fit,360810717014001,360810437012006
best fit,360810745002006,360810437012006
best fit,360810459001003,360810437012006
best fit,360810719001000,360810437012006
best fit,360810799002008,360810437012006
best fit,360810411002004,360810437012006
best fit,360810721001000,360810437012006
best fit,360810437022001,360810437012006
best fit,360810713031003,360810437012006
best fit,360810717013001,360810437012006
best fit,360810693002001,360810437012006
best fit,360810443022004,360810437012006
best fit,360810747001004,360810437012006
best fit,360810455001000,360810437012006
best fit,360810717021000,360810437012006
best fit,360810803021007,360810437012006
best fit,360810383021044,360810437012006
best fit,360810687003012,360810437012006
best fit,360810437012005,360810437012006
best fit,360810693001004,360810437012006
best fit,360810713061001,360810437012006
best fit,360810443021002,360810437012006
best fit,360810443011004,360810437012006
best fit,360810687002000,360810437012006
best fit,360810803013010,360810437012006
best fit,360810717012001,360810437012006
best fit,360810443012001,360810437012006
best fit,360810757022012,360810437012006
best fit,360810803021015,360810437012006
best fit,360810475002003,360810437012006
best fit,360810721002001,360810437012006
best fit,360810383021066,360810437012006
best fit,360810461001001,360810437012006
best fit,360810457001000,360810437012006
best fit,360810475001006,360810437012006
best fit,360810437022002,360810437012006
best fit,360810741001001,360810437012006
best fit,360810683002001,360810437012006
best fit,360810721005000,360810437012006
best fit,360810693002003,360810437012006
best fit,360810799002004,360810437012006
best fit,360810719001002,360810437012006
best fit,360810741004002,360810437012006
best fit,360810739004000,360810437012006
best fit,360810803011001,360810437012006
best fit,360810461002003,360810437012006
best fit,360810719001005,360810437012006
best fit,360810799002001,360810437012006
best fit,360810717013000,360810437012006
best fit,360810439002003,360810437012006
best fit,360810713061000,360810437012006
best fit,360810471002000,360810437012006
best fit,360810411001005,360810437012006
best fit,360810693001001,360810437012006
best fit,360810439002007,360810437012006
best fit,360810461002004,360810437012006
best fit,360810383021021,360810437012006
best fit,360810693002002,360810437012006
best fit,360810383021034,360810437012006
best fit,360810457001002,360810437012006
best fit,360810745001004,360810437012006
best fit,360810459002001,360810437012006
best fit,360810717022004,360810437012006
best fit,360810459001004,360810437012006
best fit,360810799002005,360810437012006
best fit,360810443012000,360810437012006
best fit,360810443023001,360810437012006
best fit,360810745002004,360810437012006
best fit,360810475001002,360810437012006
best fit,360810717014002,360810437012006
best fit,360810687002003,360810437012006
best fit,360810437021000,360810437012006
best fit,360810475002005,360810437012006
best fit,360810475001005,360810437012006
best fit,360810439002008,360810437012006
best fit,360810471001001,360810437012006
best fit,360810743004002,360810437012006
best fit,360810383021018,360810437012006
best fit,360810687003018,360810437012006
best fit,360810741001000,360810437012006
best fit,360810803021008,360810437012006
best fit,360810413001004,360810437012006
best fit,360810383021048,360810437012006
best fit,360810475001003,360810437012006
best fit,360810719002001,360810437012006
best fit,360810505001000,360810437012006
best fit,360810457001001,360810437012006
best fit,360810683002005,360810437012006
best fit,360810461002000,360810437012006
best fit,360810741002003,360810437012006
best fit,360810437012007,360810437012006
best fit,360810697012000,360810437012006
best fit,360810747002000,360810437012006
best fit,360810457002000,360810437012006
best fit,360810697013000,360810437012006
best fit,360810747002002,360810437012006
best fit,360810437012002,360810437012006
best fit,360810427001000,360810437012006
best fit,360810459001002,360810437012006
best fit,360810475001004,360810437012006
best fit,360810743001001,360810437012006
best fit,360810713043000,360810437012006
best fit,360810443022005,360810437012006
best fit,360810713054001,360810437012006
best fit,360810683003000,360810437012006
best fit,360810743001002,360810437012006
best fit,360810683002003,360810437012006
best fit,360810439001001,360810437012006
best fit,360810743002001,360810437012006
best fit,360810413001000,360810437012006
best fit,360810739003000,360810437012006
best fit,360810719002005,360810437012006
best fit,360810745001000,360810437012006
best fit,360810443022001,360810437012006
best fit,360810687001002,360810437012006
best fit,360810415002002,360810437012006
best fit,360810473003000,360810437012006
best fit,360810743004000,360810437012006
best fit,360810443011005,360810437012006
best fit,360810461001003,360810437012006
best fit,360810745002001,360810437012006
best fit,360810719002004,360810437012006
best fit,360810437022000,360810437012006
best fit,360810427002002,360810437012006
best fit,360810803022008,360810437012006
best fit,360810427001003,360810437012006
best fit,360810683002002,360810437012006
best fit,360810383021064,360810437012006
best fit,360810687002002,360810437012006
best fit,360810719002000,360810437012006
best fit,360810809001001,360810437012006
best fit,360810721003000,360810437012006
best fit,360810717022009,360810437012006
best fit,360810687003015,360810437012006
best fit,360810717022005,360810437012006
best fit,360810713032001,360810437012006
best fit,360810803021013,360810437012006
best fit,360810743002000,360810437012006
best fit,360810383021067,360810437012006
best fit,360810687003013,360810437012006
best fit,360810717022017,360810437012006
best fit,360810717022014,360810437012006
best fit,360810383021031,360810437012006
best fit,360810713042001,360810437012006
best fit,360810799002002,360810437012006
best fit,360810745002003,360810437012006
best fit,360810743001000,360810437012006
best fit,360810459002002,360810437012006
best fit,360810741004001,360810437012006
best fit,360810687003016,360810437012006
best fit,360810439002001,360810437012006
best fit,360810747001000,360810437012006
best fit,360810439001000,360810437012006
best fit,360810463002001,360810437012006
best fit,360810803012002,360810437012006
best fit,360810439002002,360810437012006
best fit,360810713043002,360810437012006
best fit,360810741002001,360810437012006
best fit,360810803011006,360810437012006
best fit,360810411001004,360810437012006
best fit,360810717011000,360810437012006
best fit,360810475001007,360810437012006
best fit,360810439001004,360810437012006
best fit,360810683002000,360810437012006
best fit,360810461001000,360810437012006
best fit,360810803011007,360810437012006
best fit,360810383021091,360810437012006
best fit,360810443023000,360810437012006
best fit,360810713033001,360810437012006
best fit,360810803021002,360810437012006
best fit,360810803012006,360810437012006
best fit,360810739001002,360810437012006
best fit,360810427002003,360810437012006
best fit,360810745002007,360810437012006
best fit,360810693001000,360810437012006
best fit,360810383021065,360810437012006
best fit,360810739003002,360810437012006
best fit,360810443011006,360810437012006
best fit,360810739001000,360810437012006
best fit,360810745002005,360810437012006
best fit,360810747001003,360810437012006
best fit,360810741003001,360810437012006
best fit,360810439001002,360810437012006
best fit,360810461001004,360810437012006
best fit,360810809001002,360810437012006
best fit,360810747001005,360810437012006
best fit,360810439002004,360810437012006
best fit,360810717022000,360810437012006
best fit,360810697011000,360810437012006
best fit,360810717022003,360810437012006
best fit,360810439002010,360810437012006
best fit,360810383021088,360810437012006
best fit,360810687001001,360810437012006
best fit,360810717022007,360810437012006
best fit,360810697011001,360810437012006
best fit,360810717022016,360810437012006
best fit,360810443011002,360810437012006
best fit,360810437011000,360810437012006
best fit,360810383021033,360810437012006
best fit,360810443023003,360810437012006
best fit,360810413002004,360810437012006
best fit,360810743002002,360810437012006
best fit,360810439002000,360810437012006
best fit,360810427001004,360810437012006
best fit,360810803021009,360810437012006
best fit,360810413001002,360810437012006
best fit,360810443012002,360810437012006
best fit,360810383021083,360810437012006
best fit,360810693001003,360810437012006
best fit,360810459002000,360810437012006
best fit,360810745002000,360810437012006
best fit,360810471002001,360810437012006
best fit,360810475002009,360810437012006
best fit,360810745002008,360810437012006
best fit,360810747001001,360810437012006
best fit,360810717012000,360810437012006
best fit,360810437012003,360810437012006
best fit,360810719001001,360810437012006
best fit,360810687003014,360810437012006
best fit,360810437012004,360810437012006
best fit,360810443012003,360810437012006
best fit,360810803021014,360810437012006
best fit,360810383021055,360810437012006
best fit,360810437012006,360810437012006
best fit,360810719001004,360810437012006
best fit,360810757022016,360810437012006
best fit,360810693001002,360810437012006
best fit,360810803012001,360810437012006
best fit,360810383021036,360810437012006
best fit,360810455006000,360810437012006
best fit,360810439002009,360810437012006
best fit,360810683001001,360810437012006
best fit,360810443021003,360810437012006
best fit,360810713033002,360810437012006
best fit,360810713042000,360810437012006
best fit,360810473001002,360810437012006
best fit,360810747001002,360810437012006
best fit,360810679001001,360810437012006
best fit,360810711004002,360810437012006
best fit,360810461001005,360810437012006
best fit,360810803021005,360810437012006
best fit,360810443023004,360810437012006
best fit,360810747002001,360810437012006
best fit,360810687002001,360810437012006
best fit,360810683002004,360810437012006
best fit,360810803021006,360810437012006
best fit,360810463002002,360810437012006
best fit,360810475001010,360810437012006
best fit,360810713062001,360810437012006
best fit,360810743004001,360810437012006
best fit,360810383021063,360810437012006
best fit,360810799001010,360810437012006
best fit,360810461001002,360810437012006
best fit,360810719002002,360810437012006
best fit,360810743003002,360810437012006
best fit,360810739004003,360810437012006
best fit,360810713052000,360810437012006
best fit,360810713033000,360810437012006
best fit,360810741004000,360810437012006
best fit,360810443021004,360810437012006
best fit,360810443022000,360810437012006
best fit,360810383021030,360810437012006
best fit,360810443021000,360810437012006
best fit,360810473002001,360810437012006
best fit,360810443023002,360810437012006
best fit,360810713054000,360810437012006
best fit,360810743003001,360810437012006
best fit,360810717022002,360810437012006
best fit,360810459001000,360810437012006
best fit,360810803021003,360810437012006
best fit,360810745002002,360810437012006
best fit,360810803012000,360810437012006
best fit,360810693002000,360810437012006
best fit,360810717022010,360810437012006
best fit,360810427001001,360810437012006
best fit,360810803022007,360810437012006
best fit,360810747002004,360810437012006
best fit,360810413001001,360810437012006
best fit,360810383021041,360810437012006
best fit,360810459001005,360810437012006
best fit,360810741002000,360810437012006
best fit,360810721002000,360810437012006
best fit,360810741003000,360810437012006
best fit,360810473001001,360810437012006
best fit,360810459001001,360810437012006
best fit,360810457001003,360810437012006
best fit,360810717012002,360810437012006
best fit,360810739003003,360810437012006
best fit,360810443022003,360810437012006
best fit,360810717014000,360810437012006
best fit,360810383021042,360810437012006
best fit,360810745001003,360810437012006
best fit,360810443011000,360810437012006
best fit,360810457002001,360810437012006
best fit,360810439002006,360810437012006
best fit,360810721001001,360810437012006
best fit,360810427002001,360810437012006
best fit,360810683001000,360810437012006
best fit,360810809001000,360810437012006
best fit,360810793001000,360810437012006
best fit,360810687003017,360810437012006
best fit,360810383021032,360810437012006
best fit,360810693001005,360810437012006
best fit,360810745001002,360810437012006
best fit,360810719001003,360810437012006
best fit,360810459001006,360810437012006
best fit,360810721005001,360810437012006
best fit,360810383021068,360810437012006
best fit,360810687003008,360810437012006
best fit,360810461002001,360810437012006
best fit,360810383021090,360810437012006
best fit,360810443022002,360810437012006
best fit,360810415002000,360810437012006
best fit,360810739002000,360810437012006
best fit,360810475002007,360810437012006
best fit,360810475001001,360810437012006
best fit,360810471002004,360810437012006
best fit,360810803022001,360810437012006
best fit,360810443011001,360810437012006
best fit,360810443011003,360810437012006
best fit,360810437012001,360810437012006
best fit,360810803013003,360810437012006
best fit,360810411002001,360810437012006
best fit,360810679002000,360810437012006
best fit,360810475001011,360810437012006
best fit,360810711004004,360810437012006
best fit,360810443021001,360810437012006
best fit,360810711004003,360810437012006
best fit,360810799002003,360810437012006
best fit,360810717022013,360810437012006
best fit,360810713033003,360810437012006
best fit,360810739002001,360810437012006
best fit,360810471002002,360810437012006
best fit,360810427002000,360810437012006
best fit,360810711004000,360810437012006
best fit,360810439002005,360810437012006
best fit,360810383021082,360810437012006
best fit,360810803011004,360810437012006
best fit,360810719002003,360810437012006
best fit,360810745001001,360810437012006
best fit,360810383021024,360810437012006
best fit,360810679002001,360810437012006
best fit,360810803021004,360810437012006
best fit,360810383021020,360810437012006
best fit,360810721004000,360810437012006
alt1,360810415001006,360810415001006
alt1,360810415002000,360810415001006
alt1,360810427001000,360810415001006
alt1,360810427001001,360810415001006
alt1,360810415002002,360810415001006
alt1,360810427002000,360810415001006
alt1,360810415002001,360810415001006
alt1,360810427002002,360810415001006
alt1,360810427001004,360810415001006
alt1,360810427001003,360810415001006
alt1,360810427001002,360810415001006
alt1,360810413003003,360810415001006
alt1,360810427002001,360810415001006
alt1,360810427002003,360810415001006
alt1,360810439001001,360810415001006
alt1,360810413002004,360810415001006
alt1,360810427002004,360810415001006
alt1,360810439002000,360810415001006
alt1,360810439001000,360810415001006
alt1,360810439001002,360810415001006
alt1,360810427002005,360810415001006
alt1,360810413001001,360810415001006
alt1,360810439002002,360810415001006
alt1,360810439002001,360810415001006
alt1,360810413001000,360810415001006
alt1,360810439001004,360810415001006
alt1,360810439002010,360810415001006
alt1,360810439002003,360810415001006
alt1,360810439001003,360810415001006
alt1,360810443011000,360810415001006
alt1,360810443011001,360810415001006
alt1,360810439002004,360810415001006
alt1,360810427002006,360810415001006
alt1,360810413001003,360810415001006
alt1,360810413001002,360810415001006
alt1,360810413001004,360810415001006
alt1,360810437011001,360810415001006
alt1,360810439002009,360810415001006
alt1,360810443011002,360810415001006
alt1,360810439002008,360810415001006
alt1,360810443011006,360810415001006
alt1,360810439002005,360810415001006
alt1,360810443011004,360810415001006
alt1,360810443011003,360810415001006
alt1,360810439002006,360810415001006
alt1,360810437011002,360810415001006
alt1,360810439002007,360810415001006
alt1,360810411002000,360810415001006
alt1,360810443012000,360810415001006
alt1,360810437022001,360810415001006
alt1,360810443012002,360810415001006
alt1,360810411002004,360810415001006
alt1,360810443021000,360810415001006
alt1,360810437012006,360810415001006
alt1,360810443011005,360810415001006
alt1,360810437022000,360810415001006
alt1,360810411002001,360810415001006
alt1,360810437011000,360810415001006
alt1,360810437012007,360810415001006
alt1,360810443012001,360810415001006
alt1,360810437022002,360810415001006
alt1,360810437022003,360810415001006
alt1,360810411002002,360810415001006
alt1,360810443021001,360810415001006
alt1,360810437012005,360810415001006
alt1,360810437012008,360810415001006
alt1,360810437012003,360810415001006
alt1,360810443022000,360810415001006
alt1,360810411002003,360810415001006
alt1,360810437023001,360810415001006
alt1,360810437012000,360810415001006
alt1,360810437023000,360810415001006
alt1,360810443012003,360810415001006
alt1,360810443012004,360810415001006
alt1,360810437012001,360810415001006
alt1,360810443021002,360810415001006
alt1,360810437012002,360810415001006
alt1,360810437023003,360810415001006
alt1,360810745001000,360810415001006
alt1,360810437012009,360810415001006
alt1,360810411001004,360810415001006
alt1,360810437023002,360810415001006
alt1,360810745001001,360810415001006
alt1,360810411001006,360810415001006
alt1,360810437012004,360810415001006
alt1,360810443022001,360810415001006
alt1,360810443021003,360810415001006
alt1,360810437021005,360810415001006
alt1,360810745002000,360810415001006
alt1,360810411001005,360810415001006
alt1,360810443023000,360810415001006
alt1,360810437021001,360810415001006
alt1,360810443021006,360810415001006
alt1,360810745002001,360810415001006
alt1,360810461002001,360810415001006
alt1,360810443022002,360810415001006
alt1,360810437021000,360810415001006
alt1,360810443021004,360810415001006
alt1,360810745002002,360810415001006
alt1,360810437021004,360810415001006
alt1,360810745001002,360810415001006
alt1,360810747001000,360810415001006
alt1,360810463002004,360810415001006
alt1,360810437021003,360810415001006
alt1,360810383021067,360810415001006
alt1,360810443021005,360810415001006
alt1,360810461002000,360810415001006
alt1,360810443022003,360810415001006
alt1,360810443023001,360810415001006
alt1,360810461002002,360810415001006
alt1,360810383021068,360810415001006
alt1,360810745002003,360810415001006
alt1,360810455003000,360810415001006
alt1,360810719001000,360810415001006
alt1,360810383021065,360810415001006
alt1,360810437021002,360810415001006
alt1,360810443022004,360810415001006
alt1,360810463002003,360810415001006
alt1,360810745001003,360810415001006
alt1,360810443023002,360810415001006
alt1,360810459001000,360810415001006
alt1,360810459001006,360810415001006
alt1,360810719001001,360810415001006
alt1,360810383021066,360810415001006
alt1,360810443022005,360810415001006
alt1,360810459002000,360810415001006
alt1,360810747001001,360810415001006
alt1,360810455004000,360810415001006
alt1,360810719001002,360810415001006
alt1,360810443023003,360810415001006
alt1,360810455002000,360810415001006
alt1,360810463002002,360810415001006
alt1,360810457001000,360810415001006
alt1,360810719001005,360810415001006
alt1,360810383021088,360810415001006
alt1,360810443023004,360810415001006
alt1,360810457001003,360810415001006
alt1,360810463002001,360810415001006
alt1,360810383021031,360810415001006
alt1,360810383021032,360810415001006
alt1,360810443023005,360810415001006
alt1,360810719001004,360810415001006
alt1,360810383021029,360810415001006
alt1,360810455005000,360810415001006
alt1,360810457001004,360810415001006
alt1,360810455001000,360810415001006
alt1,360810717022000,360810415001006
alt1,360810719002002,360810415001006
alt1,360810457001001,360810415001006
alt1,360810683001000,360810415001006
alt1,360810457001002,360810415001006
alt1,360810717021000,360810415001006
alt1,360810719002003,360810415001006
alt1,360810463001005,360810415001006
alt1,360810455006000,360810415001006
alt1,360810683002000,360810415001006
alt1,360810719002004,360810415001006
alt1,360810683002001,360810415001006
alt1,360810457001005,360810415001006
alt1,360810683001001,360810415001006
alt1,360810717022015,360810415001006
alt1,360810683003000,360810415001006
alt1,360810457002000,360810415001006
alt1,360810717011000,360810415001006
alt1,360810717022014,360810415001006
alt1,360810457002001,360810415001006
alt1,360810683003002,360810415001006
alt1,360810683002002,360810415001006
alt1,360810717022013,360810415001006
alt1,360810383021028,360810415001006
alt1,360810457002002,360810415001006
alt1,360810683001002,360810415001006
alt1,360810717013000,360810415001006
alt1,360810683003001,360810415001006
alt1,360810383021030,360810415001006
alt1,360810717013001,360810415001006
alt1,360810683002003,360810415001006
alt1,360810683002006,360810415001006
alt1,360810693001001,360810415001006
alt1,360810383021024,360810415001006
alt2,360810240001001,360810238001000
alt2,360810444003013,360810238001000
alt2,360810212002001,360810238001000
alt2,360810212002000,360810238001000
alt2,360810212002002,360810238001000
alt2,360810238001000,360810238001000
alt2,360810238004003,360810238001000
alt2,360810446011005,360810238001000
alt2,360810238004001,360810238001000
alt2,360810238002001,360810238001000
alt2,360810208001001,360810238001000
alt2,360810240002001,360810238001000
alt2,360810212002006,360810238001000
alt2,360810238001001,360810238001000
alt2,360810232003007,360810238001000
alt2,360810212001000,360810238001000
alt2,360810238004000,360810238001000
alt2,360810236002003,360810238001000
alt2,360810236001000,360810238001000
alt2,360810212002007,360810238001000
alt2,360810444001007,360810238001000
alt2,360810238002003,360810238001000
alt2,360810232003004,360810238001000
alt2,360810208002010,360810238001000
alt2,360810214003015,360810238001000
alt2,360810446022000,360810238001000
alt2,360810238004002,360810238001000
alt2,360810446021002,360810238001000
alt2,360810240002004,360810238001000
alt2,360810238003000,360810238001000
alt2,360810240002002,360810238001000
alt2,360810214003011,360810238001000
alt2,360810446011004,360810238001000
alt2,360810446012004,360810238001000
alt2,360810238002000,360810238001000
alt2,360810446022001,360810238001000
alt2,360810212002011,360810238001000
alt2,360810212001006,360810238001000
alt2,360810236002001,360810238001000
alt2,360810238002002,360810238001000
alt2,360810240001002,360810238001000
alt2,360810240001003,360810238001000
alt2,360810446012002,360810238001000
alt2,360810240003000,360810238001000
alt2,360810240003002,360810238001000
alt2,360810236002000,360810238001000
alt2,360810444001006,360810238001000
alt2,360810240002005,360810238001000
alt2,360810212001005,360810238001000
alt2,360810232003006,360810238001000
alt2,360810208002002,360810238001000
alt2,360810208002011,360810238001000
alt2,360810208002001,360810238001000
alt2,360810236002002,360810238001000
alt3,360810240001001,360810204001002
alt3,360810254011001,360810204001002
alt3,360810204001003,360810204001002
alt3,360810444001002,360810204001002
alt3,360810208002012,360810204001002
alt3,360810208002003,360810204001002
alt3,360810208002000,360810204001002
alt3,360810460003005,360810204001002
alt3,360810446011005,360810204001002
alt3,360810208002006,360810204001002
alt3,360810254011003,360810204001002
alt3,360810204001006,360810204001002
alt3,360810254011007,360810204001002
alt3,360810208001001,360810204001002
alt3,360810212001009,360810204001002
alt3,360810240002001,360810204001002
alt3,360810198001000,360810204001002
alt3,360810208001000,360810204001002
alt3,360810238001001,360810204001002
alt3,360810208002014,360810204001002
alt3,360810212001000,360810204001002
alt3,360810238004000,360810204001002
alt3,360810208002015,360810204001002
alt3,360810208002016,360810204001002
alt3,360810444001007,360810204001002
alt3,360810208002007,360810204001002
alt3,360810208002010,360810204001002
alt3,360810240001004,360810204001002
alt3,360810446021002,360810204001002
alt3,360810204001000,360810204001002
alt3,360810446012003,360810204001002
alt3,360810204001004,360810204001002
alt3,360810254011006,360810204001002
alt3,360810208002013,360810204001002
alt3,360810254023004,360810204001002
alt3,360810240002004,360810204001002
alt3,360810204001007,360810204001002
alt3,360810208001002,360810204001002
alt3,360810212001003,360810204001002
alt3,360810446011004,360810204001002
alt3,360810446012004,360810204001002
alt3,360810254011000,360810204001002
alt3,360810208002018,360810204001002
alt3,360810212002011,360810204001002
alt3,360810212001006,360810204001002
alt3,360810238002002,360810204001002
alt3,360810240001003,360810204001002
alt3,360810208002008,360810204001002
alt3,360810446012002,360810204001002
alt3,360810240002006,360810204001002
alt3,360810208002023,360810204001002
alt3,360810254011009,360810204001002
alt3,360810444001001,360810204001002
alt3,360810444001006,360810204001002
alt3,360810240002005,360810204001002
alt3,360810204001009,360810204001002
alt3,360810254023001,360810204001002
alt3,360810208002002,360810204001002
alt3,360810208002017,360810204001002
alt3,360810208002011,360810204001002
alt3,360810204001002,360810204001002
alt3,360810208002001,360810204001002
alt4,360810189003003,360810189002002
alt4,360810179011005,360810189002002
alt4,360810187003006,360810189002002
alt4,360810253022004,360810189002002
alt4,360810235012003,360810189002002
alt4,360810181022001,360810189002002
alt4,360810189002000,360810189002002
alt4,360810019011005,360810189002002
alt4,360810183003002,360810189002002
alt4,360810171011015,360810189002002
alt4,360810179021015,360810189002002
alt4,360810235021002,360810189002002
alt4,360810183005002,360810189002002
alt4,360810235022001,360810189002002
alt4,360810235022002,360810189002002
alt4,360810251001001,360810189002002
alt4,360810185021000,360810189002002
alt4,360810183002001,360810189002002
alt4,360810187001007,360810189002002
alt4,360810253022008,360810189002002
alt4,360810157001000,360810189002002
alt4,360810031002007,360810189002002
alt4,360810157001008,360810189002002
alt4,360810161002002,360810189002002
alt4,360810179021030,360810189002002
alt4,360810001041003,360810189002002
alt4,360810169004000,360810189002002
alt4,360810183005003,360810189002002
alt4,360810199011005,360810189002002
alt4,360810189003001,360810189002002
alt4,360810185012000,360810189002002
alt4,360810179021031,360810189002002
alt4,360810161002000,360810189002002
alt4,360810187003000,360810189002002
alt4,360810019011001,360810189002002
alt4,360810179021019,360810189002002
alt4,360810199012004,360810189002002
alt4,360810253022003,360810189002002
alt4,360810251003003,360810189002002
alt4,360810033011003,360810189002002
alt4,360810179021005,360810189002002
alt4,360810189002004,360810189002002
alt4,360810187003002,360810189002002
alt4,360810183005004,360810189002002
alt4,360810001041010,360810189002002
alt4,360810187002001,360810189002002
alt4,360810251004002,360810189002002
alt4,360810171021000,360810189002002
alt4,360810033021003,360810189002002
alt4,360810171021002,360810189002002
alt4,360810055001008,360810189002002
alt4,360810055001003,360810189002002
alt4,360810199012001,360810189002002
alt4,360810251003001,360810189002002
alt4,360810159002000,360810189002002
alt4,360810019031032,360810189002002
alt4,360810019021016,360810189002002
alt4,360810033011017,360810189002002
alt4,360810033011019,360810189002002
alt4,360810181013001,360810189002002
alt4,360810185023002,360810189002002
alt4,360810033011005,360810189002002
alt4,360810001041002,360810189002002
alt4,360810199012003,360810189002002
alt4,360810253011000,360810189002002
alt4,360810189001001,360810189002002
alt4,360810253012004,360810189002002
alt4,360810033011010,360810189002002
alt4,360810181023000,360810189002002
alt4,360810031002000,360810189002002
alt4,360810199022000,360810189002002
alt4,360810185023005,360810189002002
alt4,360810171011006,360810189002002
alt4,360810169002002,360810189002002
alt4,360810183004000,360810189002002
alt4,360810033021001,360810189002002
alt4,360810001041017,360810189002002
alt4,360810253013002,360810189002002
alt4,360810179011006,360810189002002
alt4,360810183004001,360810189002002
alt4,360810185011000,360810189002002
alt4,360810179021017,360810189002002
alt4,360810199012000,360810189002002
alt4,360810001041018,360810189002002
alt4,360810033011004,360810189002002
alt4,360810199012005,360810189002002
alt4,360810189003004,360810189002002
alt4,360810033021009,360810189002002
alt4,360810179011004,360810189002002
alt4,360810179021025,360810189002002
alt4,360810179011002,360810189002002
alt4,360810019021010,360810189002002
alt4,360810007012000,360810189002002
alt4,360810019011006,360810189002002
alt4,360810187003008,360810189002002
alt4,360810019021007,360810189002002
alt4,360810183004003,360810189002002
alt4,360810159001001,360810189002002
alt4,360810031002006,360810189002002
alt4,360810179021020,360810189002002
alt4,360810181023001,360810189002002
alt4,360810235021004,360810189002002
alt4,360810189003002,360810189002002
alt4,360810179021018,360810189002002
alt4,360810185022001,360810189002002
alt4,360810179021010,360810189002002
alt4,360810185023001,360810189002002
alt4,360810179021021,360810189002002
alt4,360810189002003,360810189002002
alt4,360810235022003,360810189002002
alt4,360810189002002,360810189002002
alt4,360810171021004,360810189002002
alt4,360810171011014,360810189002002
alt4,360810183005000,360810189002002
alt4,360810199012017,360810189002002
alt4,360810235021001,360810189002002
alt4,360810253021001,360810189002002
alt4,360810199011000,360810189002002
alt4,360810033021005,360810189002002
alt4,360810181021001,360810189002002
alt4,360810187003003,360810189002002
alt4,360810187003001,360810189002002
alt4,360810019021006,360810189002002
alt4,360810199011001,360810189002002
alt4,360810199031000,360810189002002
alt4,360810001041001,360810189002002
alt4,360810189003000,360810189002002
alt4,360810159002001,360810189002002
alt4,360810019021008,360810189002002
alt4,360810001041004,360810189002002
alt4,360810181012000,360810189002002
alt4,360810033021008,360810189002002
alt4,360810171011013,360810189002002
alt4,360810253011001,360810189002002
alt4,360810235022000,360810189002002
alt4,360810033011000,360810189002002
alt4,360810187003007,360810189002002
alt4,360810001041016,360810189002002
alt4,360810001041000,360810189002002
alt4,360810189001000,360810189002002
alt4,360810199011009,360810189002002
alt4,360810001041019,360810189002002
alt4,360810181013002,360810189002002
alt4,360810055001007,360810189002002
alt4,360810033021006,360810189002002
alt4,360810199012016,360810189002002
alt4,360810157001006,360810189002002
alt4,360810179021022,360810189002002
alt4,360810189002007,360810189002002
alt4,360810185023004,360810189002002
alt4,360810055001002,360810189002002
alt4,360810159001002,360810189002002
alt4,360810033021007,360810189002002
alt4,360810185023000,360810189002002
alt4,360810179021008,360810189002002
alt4,360810181011001,360810189002002
alt4,360810235011002,360810189002002
alt4,360810253022002,360810189002002
alt4,360810181021000,360810189002002
alt4,360810157001005,360810189002002
alt4,360810185013000,360810189002002
alt4,360810183002000,360810189002002
alt4,360810181022002,360810189002002
alt4,360810019021003,360810189002002
alt4,360810183005001,360810189002002
alt4,360810001041033,360810189002002
alt4,360810189002001,360810189002002
alt4,360810179021026,360810189002002
alt4,360810185013001,360810189002002
alt4,360810159003002,360810189002002
alt4,360810019011000,360810189002002
alt4,360810183004002,360810189002002
alt4,360810019021014,360810189002002
alt4,360810171011012,360810189002002
alt4,360810187001001,360810189002002
alt4,360810253013003,360810189002002
alt4,360810031001003,360810189002002
alt4,360810033011016,360810189002002
alt4,360810235011000,360810189002002
alt4,360810157001007,360810189002002
alt4,360810185023003,360810189002002
alt4,360810019021015,360810189002002
alt4,360810171011009,360810189002002
alt4,360810159002002,360810189002002
alt4,360810179011007,360810189002002
alt4,360810185022000,360810189002002
alt4,360810157001001,360810189002002
alt4,360810033021002,360810189002002
alt4,360810179021032,360810189002002
alt4,360810171021003,360810189002002
alt4,360810181022000,360810189002002
alt4,360810181013000,360810189002002
alt4,360810235021003,360810189002002
alt4,360810157001004,360810189002002
alt4,360810019021011,360810189002002
alt4,360810199012002,360810189002002
alt4,360810179021009,360810189002002
alt4,360810171021001,360810189002002
alt4,360810187003005,360810189002002
alt4,360810199022002,360810189002002
alt4,360810185012001,360810189002002
alt4,360810179021006,360810189002002
alt4,360810199022001,360810189002002
alt4,360810057003001,360810189002002
alt4,360810031002008,360810189002002
alt4,360810181022003,360810189002002
alt4,360810253021000,360810189002002
alt4,360810181013003,360810189002002
alt4,360810033011001,360810189002002
alt4,360810163002002,360810189002002
alt4,360810033011002,360810189002002
alt4,360810253013001,360810189002002
alt4,360810159003000,360810189002002
alt4,360810033022010,360810189002002
alt4,360810253012005,360810189002002
alt4,360810019021004,360810189002002
alt4,360810179021011,360810189002002
alt4,360810181011000,360810189002002
alt4,360810157001003,360810189002002
alt4,360810179021016,360810189002002
alt4,360810251003002,360810189002002
alt4,360810181012001,360810189002002
alt4,360810187001010,360810189002002
