period,start,end
-72,2018-10-15,2018-11-14
-71,2018-11-15,2018-12-14
-70,2018-12-15,2019-01-14
-69,2019-01-15,2019-02-14
-68,2019-02-15,2019-03-14
-67,2019-03-15,2019-04-14
-66,2019-04-15,2019-05-14
-65,2019-05-15,2019-06-14
-64,2019-06-15,2019-07-14
-63,2019-07-15,2019-08-14
-62,2019-08-15,2019-09-14
-61,2019-09-15,2019-10-14
-60,2019-10-15,2019-11-14
-59,2019-11-15,2019-12-14
-58,2019-12-15,2020-01-14
-57,2020-01-15,2020-02-14
-56,2020-02-15,2020-03-14
-55,2020-03-15,2020-04-14
-54,2020-04-15,2020-05-14
-53,2020-05-15,2020-06-14
-52,2020-06-15,2020-07-14
-51,2020-07-15,2020-08-14
-50,2020-08-15,2020-09-14
-49,2020-09-15,2020-10-14
-48,2020-10-15,2020-11-14
-47,2020-11-15,2020-12-14
-46,2020-12-15,2021-01-14
-45,2021-01-15,2021-02-14
-44,2021-02-15,2021-03-14
-43,2021-03-15,2021-04-14
-42,2021-04-15,2021-05-14
-41,2021-05-15,2021-06-14
-40,2021-06-15,2021-07-14
-39,2021-07-15,2021-08-14
-38,2021-08-15,2021-09-14
-37,2021-09-15,2021-10-14
-36,2021-10-15,2021-11-14
-35,2021-11-15,2021-12-14
-34,2021-12-15,2022-01-14
-33,2022-01-15,2022-02-14
-32,2022-02-15,2022-03-14
-31,2022-03-15,2022-04-14
-30,2022-04-15,2022-05-14
-29,2022-05-15,2022-06-14
-28,2022-06-15,2022-07-14
-27,2022-07-15,2022-08-14
-26,2022-08-15,2022-09-14
-25,2022-09-15,2022-10-14
-24,2022-10-15,2022-11-14
-23,2022-11-15,2022-12-14
-22,2022-12-15,2023-01-14
-21,2023-01-15,2023-02-14
-20,2023-02-15,2023-03-14
-19,2023-03-15,2023-04-14
-18,2023-04-15,2023-05-14
-17,2023-05-15,2023-06-14
-16,2023-06-15,2023-07-14
-15,2023-07-15,2023-08-14
-14,2023-08-15,2023-09-14
-13,2023-09-15,2023-10-14
-12,2023-10-15,2023-11-14
-11,2023-11-15,2023-12-14
-10,2023-12-15,2024-01-14
-9,2024-01-15,2024-02-14
-8,2024-02-15,2024-03-14
-7,2024-03-15,2024-04-14
-6,2024-04-15,2024-05-14
-5,2024-05-15,2024-06-14
-4,2024-06-15,2024-07-14
-3,2024-07-15,2024-08-14
-2,2024-08-15,2024-09-14
-1,2024-09-15,2024-10-14
0,2024-10-15,2024-11-14
1,2024-11-15,2024-12-14
2,2024-12-15,2025-01-14
3,2025-01-15,2025-02-14
4,2025-02-15,2025-03-14
5,2025-03-15,2025-04-14
6,2025-04-15,2025-05-14
7,2025-05-15,2025-06-14
8,2025-06-15,2025-07-14
9,2025-07-15,2025-08-14
10,2025-08-15,2025-09-14
11,2025-09-15,2025-10-14
12,2025-10-15,2025-11-14
13,2025-11-15,2025-12-14
14,2025-12-15,2026-01-14
15,2026-01-15,2026-02-14
16,2026-02-15,2026-03-14
17,2026-03-15,2026-04-14
18,2026-04-15,2026-05-14
19,2026-05-15,2026-06-14
