month,start,treated,contiguous,scan,city,microsynth,microsynth_var
-72,2018-10-15,7,16,11,487,7.000000010848129,2.602720244022481
-71,2018-11-15,12,10,12,436,12.000000021090521,7.306484223025085
-70,2018-12-15,9,13,16,448,9.000000000491685,6.066802828817927
-69,2019-01-15,8,7,6,422,8.000000041547976,2.2959164251574595
-68,2019-02-15,5,5,5,387,5.000000030992974,2.7171198466382567
-67,2019-03-15,17,12,12,477,17.000000062253118,4.640414163831626
-66,2019-04-15,14,10,11,457,14.00000006241603,7.143551582854597
-65,2019-05-15,8,10,16,564,8.000000011091867,4.7666815762036014
-64,2019-06-15,22,11,16,565,22.000000031898658,12.625620024351896
-63,2019-07-15,13,21,17,530,13.0000000213453,5.088196996037594
-62,2019-08-15,19,14,16,568,19.00000002149529,9.70689179283351
-61,2019-09-15,12,15,15,565,12.00000002106055,8.636123083324883
-60,2019-10-15,9,19,18,545,9.000000051926389,4.583224072402026
-59,2019-11-15,18,12,15,519,18.000000021235756,9.634720140154714
-58,2019-12-15,7,10,10,576,7.000000020983393,3.3605951742123437
-57,2020-01-15,12,22,15,544,12.0000000213729,4.827569548175596
-56,2020-02-15,14,17,16,525,14.000000010987518,9.411364273222997
-55,2020-03-15,6,11,16,378,6.00000002109,2.3042352272563718
-54,2020-04-15,10,13,9,393,10.000000011119775,5.451599524102468
-53,2020-05-15,11,20,16,492,11.000000020917994,6.13289398161871
-52,2020-06-15,15,20,21,576,15.000000021342176,7.809884146029662
-51,2020-07-15,23,14,17,623,23.00000004235509,8.729408562545403
-50,2020-08-15,15,24,26,628,15.000000031796262,4.1831394014611245
-49,2020-09-15,14,18,15,551,14.000000011196978,8.20231056089868
-48,2020-10-15,11,12,17,568,11.000000011184868,4.902871204707601
-47,2020-11-15,12,9,15,461,12.000000000910019,5.693385036266749
-46,2020-12-15,15,19,14,511,15.000000011411048,6.34053873791488
-45,2021-01-15,8,13,13,366,8.000000021122016,2.5671068162466084
-44,2021-02-15,6,15,10,370,6.000000031137977,1.6735585851254686
-43,2021-03-15,11,21,19,465,11.00000005213021,6.615709321932673
-42,2021-04-15,15,17,19,510,15.000000011342406,6.2815062823113275
-41,2021-05-15,17,17,20,592,17.00000001151648,6.973448294333874
-40,2021-06-15,17,18,19,542,17.000000021591234,6.621744520833396
-39,2021-07-15,23,17,15,581,23.00000001116238,13.682857962621314
-38,2021-08-15,19,17,15,564,19.000000011630934,12.286736035824273
-37,2021-09-15,23,22,21,583,23.00000001184892,8.896940948328018
-36,2021-10-15,21,15,24,619,21.00000004189464,7.384242807361677
-35,2021-11-15,23,23,23,548,23.00000005251941,11.753397347458078
-34,2021-12-15,28,25,24,563,28.000000062885338,10.335973035252605
-33,2022-01-15,21,25,23,559,21.00000001188998,9.774256932472685
-32,2022-02-15,14,12,12,490,14.000000021244784,9.075223355215538
-31,2022-03-15,22,19,22,607,22.00000004206335,8.833753710545391
-30,2022-04-15,23,26,23,598,23.0000000322216,10.306822595231896
-29,2022-05-15,21,25,28,749,21.00000005200723,13.346258455958584
-28,2022-06-15,31,32,28,754,31.000000052453448,20.700262287940106
-27,2022-07-15,21,24,32,750,21.000000021838,8.63461628430608
-26,2022-08-15,31,20,27,636,31.000000011672967,25.52767079699493
-25,2022-09-15,16,18,18,611,16.000000031474695,8.162205628905108
-24,2022-10-15,28,33,29,693,28.000000021903144,12.81482953143882
-23,2022-11-15,12,18,18,570,12.000000010833391,6.570728413917758
-22,2022-12-15,21,24,24,583,21.000000021388093,14.451074703197293
-21,2023-01-15,25,31,28,622,25.000000011272395,16.470388636502573
-20,2023-02-15,28,31,32,540,28.00000004211857,14.890601767939875
-19,2023-03-15,37,25,25,684,37.00000002256828,20.474034836745766
-18,2023-04-15,23,26,29,669,23.000000021755564,14.424902617481335
-17,2023-05-15,28,30,30,692,28.00000002148543,19.717647315799162
-16,2023-06-15,28,30,29,716,28.000000022164762,18.565129467167985
-15,2023-07-15,26,45,51,712,26.000000022018845,18.76072185715767
-14,2023-08-15,35,37,33,704,35.00000004253134,24.765550642494496
-13,2023-09-15,51,35,35,679,51.00000002327885,33.85592157657472
-12,2023-10-15,37,37,34,737,37.00000001248505,21.287812823574406
-11,2023-11-15,38,24,21,571,38.00000000139363,31.53008786627582
-10,2023-12-15,45,36,33,689,45.000000001577455,36.125878367770596
-9,2024-01-15,31,29,22,656,31.00000000181309,23.21709959802399
-8,2024-02-15,27,33,32,641,27.000000011371903,19.702177341734032
-7,2024-03-15,27,40,40,692,27.00000000154126,23.111349002490073
-6,2024-04-15,29,27,30,746,29.000000021773328,19.990552314573872
-5,2024-05-15,40,43,38,817,40.00000000258291,28.100932735108422
-4,2024-06-15,64,62,60,842,64.00000001448757,46.45844871609722
-3,2024-07-15,43,45,46,726,43.00000000248647,32.3998675504206
-2,2024-08-15,44,28,31,768,44.00000000248605,28.439237569927318
-1,2024-09-15,37,32,37,708,37.000000002033566,32.42680477885665
0,2024-10-15,38,37,31,708,25.677227522456462,17.972410001170754
1,2024-11-15,41,28,25,594,25.3689615042033,18.57668457550414
2,2024-12-15,28,30,30,652,18.93997775826021,13.070097601049497
3,2025-01-15,18,20,25,561,14.726127275433269,9.432772840552296
4,2025-02-15,22,31,27,556,18.15001501669424,11.050133172359336
5,2025-03-15,27,35,32,624,16.17833654735426,10.055551122861557
6,2025-04-15,36,27,30,695,22.658016780879464,16.388648377208344
7,2025-05-15,29,29,30,720,19.255753522971528,11.263366895106717
8,2025-06-15,24,40,37,696,25.39933560328652,17.696676570745286
9,2025-07-15,28,28,36,686,18.108666445196054,11.553218652350143
10,2025-08-15,34,23,28,687,18.46098679550502,12.978703451633443
11,2025-09-15,28,26,30,663,20.50962273261219,14.685501037819387
12,2025-10-15,24,25,35,695,24.293739955111345,18.83200404418897
13,2025-11-15,24,26,34,552,19.700242118244827,15.849984304241193
14,2025-12-15,23,29,31,599,18.05340034078041,9.75873414039286
15,2026-01-15,25,26,27,546,18.180907474926244,12.205930946585948
16,2026-02-15,18,26,26,538,14.703848200894871,8.115643255249395
17,2026-03-15,19,39,38,676,21.563940752287294,12.684996051984479
18,2026-04-15,22,36,36,728,31.018432136664256,25.052749743140744
19,2026-05-15,32,35,41,703,20.798568538846837,11.59259135266558
